binId	dojezdy_all	dojezdy_urgent	dojezdy_very_urgent	count_all	count_urgent	count_very_urgent	DUŠNOST	ÚRAZ	BOLEST BŘICHA	PÁD	NESP.NEURO. PŘÍZ.	JINÉ POT.AK.	STENOKARDIE	JINÉ POT./ZH.STAVU	PO KOLAPSU	BEZVĚDOMÍ	NEVOLNOST	BOLEST ZAD 	PSYCHÓZA	NAPADENÍ	INTOXIKACE	SOMNOLENCE	KRVÁCENÍ	DN	HYPERT.	ARYTMIE	BOLEST DK	TEPLOTA	KŘEČE/PO KŘEČI	K PORODU	BOLEST JINÁ
0	3.92	3.92	0	112	112	0	0	0	0	0	0	0	0	0	0	0	1	0	0	0	0	0	0	0	0	0	0	0	0	0	0
251	5.00	5.00	0	1	1	0	0	0	0	0	0	0	0	0	0	0	0	0	0	0	0	0	0	0	0	0	0	0	0	0	0
298	6.00	6.00	0	1	1	0	0	0	0	0	0	0	0	0	0	0	0	0	0	0	0	0	0	0	0	0	0	0	0	0	0
487	12.60	12.60	13.00	5	5	2	1	0	0	1	0	0	0	0	0	0	0	0	0	1	0	1	0	0	0	0	0	0	0	0	0
519	10.00	10.00	0	1	1	0	0	0	0	0	0	0	0	0	0	0	0	0	0	0	0	0	0	1	0	0	0	0	0	0	0
520	11.08	11.27	12.00	13	11	3	1	2	0	0	1	0	0	1	1	0	1	0	1	1	0	0	1	1	0	0	0	1	0	1	0
523	13.33	13.33	11.75	9	9	4	0	0	0	0	0	1	2	1	0	0	0	1	1	0	0	0	0	0	0	0	0	0	0	0	0
529	10.00	10.00	10.00	1	1	1	0	0	1	0	0	0	0	0	0	0	0	0	0	0	0	0	0	0	0	0	0	0	0	0	0
532	10.00	10.00	0	1	1	0	0	0	0	0	0	0	0	0	0	0	0	0	0	0	0	0	0	1	0	0	0	0	0	0	0
555	9.75	9.64	10.50	16	14	6	2	4	0	0	0	1	0	0	0	1	1	1	0	0	1	1	1	0	0	1	0	0	0	0	0
556	12.26	12.08	12.00	19	12	3	0	0	0	6	0	1	1	0	0	0	1	0	0	0	0	1	0	5	1	0	0	0	1	0	0
557	11.09	11.88	12.50	11	8	4	1	1	2	1	0	1	0	0	0	0	0	0	0	0	1	0	0	1	0	0	0	0	1	1	1
558	11.22	11.48	11.31	27	21	13	2	3	3	1	1	0	0	1	3	2	0	1	0	2	2	0	0	0	0	0	0	1	0	1	2
562	7.00	7.00	7.00	1	1	1	0	0	0	0	0	0	1	0	0	0	0	0	0	0	0	0	0	0	0	0	0	0	0	0	0
563	9.00	9.00	0	1	1	0	0	1	0	0	0	0	0	0	0	0	0	0	0	0	0	0	0	0	0	0	0	0	0	0	0
565	9.00	9.00	8.00	3	3	2	0	1	0	0	0	0	0	0	0	0	0	0	2	0	0	0	0	0	0	0	0	0	0	0	0
566	9.00	9.00	9.00	1	1	1	0	0	0	0	0	0	1	0	0	0	0	0	0	0	0	0	0	0	0	0	0	0	0	0	0
589	10.00	10.00	5.00	3	3	1	1	0	0	0	0	0	0	0	0	0	0	0	0	0	1	0	0	1	0	0	0	0	0	0	0
590	12.00	0	0	1	0	0	0	0	0	0	0	0	0	0	0	0	0	0	0	0	0	0	0	1	0	0	0	0	0	0	0
591	14.00	14.00	0	1	1	0	0	0	0	0	0	0	0	0	0	0	0	0	0	0	0	0	0	1	0	0	0	0	0	0	0
592	12.20	12.20	0	5	5	0	0	0	0	1	0	1	0	0	0	0	0	0	1	0	0	0	0	0	0	0	0	0	2	0	0
593	8.67	8.66	9.73	52	41	11	2	9	1	6	2	3	3	1	4	4	2	0	0	1	3	0	2	3	0	0	0	0	1	0	0
594	9.25	9.33	9.09	193	152	75	21	21	27	5	16	10	11	9	3	3	2	10	2	4	2	2	5	2	2	3	4	3	1	2	3
595	9.75	9.57	8.85	56	44	13	4	9	2	3	2	3	4	3	1	1	4	1	3	0	0	2	3	0	1	1	0	1	1	0	1
596	8.75	8.67	7.50	4	3	2	0	0	2	0	0	1	0	0	0	0	0	0	0	0	0	0	0	1	0	0	0	0	0	0	0
597	8.33	8.25	0	6	4	0	0	0	0	0	0	0	0	0	1	0	0	0	0	0	0	0	0	2	1	0	0	0	1	0	0
598	10.00	10.00	10.00	1	1	1	0	0	1	0	0	0	0	0	0	0	0	0	0	0	0	0	0	0	0	0	0	0	0	0	0
599	10.00	8.83	8.67	8	6	3	0	0	1	0	0	0	1	0	1	0	0	0	1	0	0	0	0	1	0	1	0	0	0	0	0
600	7.86	8.17	8.00	7	6	3	0	0	0	0	0	1	2	1	1	1	0	0	0	0	0	0	0	0	0	1	0	0	0	0	0
601	11.67	11.00	0	3	2	0	0	0	0	1	0	0	0	0	1	0	1	0	0	0	0	0	0	0	0	0	0	0	0	0	0
602	11.43	11.80	12.67	7	5	3	0	0	0	0	0	0	0	0	0	0	0	1	0	0	0	0	0	4	0	0	0	0	0	0	1
603	9.00	0	0	1	0	0	0	1	0	0	0	0	0	0	0	0	0	0	0	0	0	0	0	0	0	0	0	0	0	0	0
624	12.00	12.00	0	1	1	0	0	0	0	0	0	0	0	0	0	0	0	0	0	0	0	0	0	0	0	0	0	0	1	0	0
625	11.67	11.60	13.00	12	10	4	3	1	0	0	0	0	0	0	1	0	0	0	3	0	0	0	0	1	0	1	0	0	0	0	0
626	11.33	11.33	11.00	3	3	2	0	0	0	0	1	0	1	0	0	0	0	0	0	0	0	0	0	0	0	0	0	0	0	0	0
627	4.00	4.00	0	1	1	0	0	0	0	0	0	0	0	0	0	0	0	0	0	0	0	0	0	1	0	0	0	0	0	0	0
628	8.76	9.50	8.71	45	30	14	3	6	1	3	1	0	2	0	6	3	2	0	1	2	4	0	0	4	0	0	0	0	1	0	1
629	8.86	9.04	9.35	65	54	23	8	10	3	4	3	3	8	1	3	0	5	3	1	1	2	1	0	2	0	0	2	0	1	0	0
630	8.73	8.67	8.64	51	43	14	6	5	4	4	4	3	0	4	3	2	2	2	1	2	0	0	1	2	0	0	0	0	0	0	0
631	8.71	8.86	8.51	171	128	61	26	18	14	18	10	10	5	6	7	4	4	8	1	1	5	2	3	0	3	2	4	4	2	1	0
632	9.25	9.14	9.33	8	7	3	0	0	0	0	0	1	1	0	1	1	0	0	0	1	0	0	0	3	0	0	0	0	0	0	0
633	14.00	14.00	0	4	4	0	0	1	0	0	1	0	0	1	0	0	0	0	0	0	0	0	0	1	0	0	0	0	0	0	0
634	8.43	7.80	8.00	7	5	2	0	3	0	0	1	0	0	0	0	1	0	0	0	0	0	0	0	1	0	0	0	0	0	0	0
635	8.05	7.82	7.43	19	17	7	0	3	1	0	1	0	1	0	1	3	2	0	0	0	0	1	0	2	0	1	0	0	0	0	0
636	9.75	9.75	9.25	8	8	4	0	0	1	0	0	1	0	0	0	0	0	1	0	0	0	0	0	4	0	0	0	0	0	0	0
637	9.00	9.00	0	1	1	0	0	0	0	0	0	1	0	0	0	0	0	0	0	0	0	0	0	0	0	0	0	0	0	0	0
638	11.75	11.86	11.00	8	7	2	2	0	0	1	0	1	0	1	0	0	1	0	0	0	0	0	0	0	0	0	0	0	0	0	0
639	13.00	13.00	12.00	2	2	1	1	1	0	0	0	0	0	0	0	0	0	0	0	0	0	0	0	0	0	0	0	0	0	0	0
640	13.00	13.00	0	2	2	0	0	0	0	1	0	0	0	0	1	0	0	0	0	0	0	0	0	0	0	0	0	0	0	0	0
661	9.00	8.75	8.00	6	4	1	1	0	0	0	0	1	0	0	0	0	0	0	0	0	0	0	0	3	1	0	0	0	0	0	0
662	10.09	10.26	10.41	55	39	22	11	2	5	3	1	1	3	5	2	0	2	0	2	2	1	0	2	0	4	1	2	1	0	0	0
663	8.28	7.23	8.08	32	22	13	3	5	3	3	2	1	0	0	0	5	0	1	0	0	2	1	1	0	1	0	0	0	0	0	2
664	7.12	7.10	6.16	49	41	19	8	5	4	3	3	0	3	0	4	2	3	1	0	1	0	1	0	0	0	1	0	1	2	1	1
665	7.89	8.03	8.53	38	32	17	4	1	4	2	3	1	1	0	3	3	1	2	1	1	1	1	1	2	1	0	0	1	0	0	0
666	8.50	8.60	8.40	34	25	15	4	3	4	3	2	1	2	1	0	2	1	1	0	1	1	1	2	1	0	0	0	0	0	0	1
667	8.23	8.27	8.08	464	359	172	65	37	34	35	19	20	28	22	12	20	16	22	15	9	7	5	6	3	6	4	10	8	9	9	2
668	8.43	8.53	8.37	123	99	41	15	7	8	5	6	7	10	9	4	3	4	5	4	1	1	5	4	1	4	5	1	2	2	0	1
669	8.06	7.86	7.29	34	28	14	5	0	2	3	2	0	1	1	2	1	2	2	0	2	0	1	0	3	1	0	0	0	1	0	0
670	8.08	8.14	8.34	83	64	29	9	7	7	4	3	4	2	5	3	7	1	4	2	0	0	3	2	0	2	1	0	1	1	0	0
671	8.43	8.50	8.11	162	126	63	25	10	11	7	15	5	3	9	5	10	2	4	4	1	2	3	4	6	6	4	3	1	1	1	3
675	10.20	10.75	8.50	5	4	2	0	1	1	0	1	0	0	0	0	2	0	0	0	0	0	0	0	0	0	0	0	0	0	0	0
694	11.33	11.33	12.00	3	3	1	0	0	0	0	0	1	1	0	0	0	1	0	0	0	0	0	0	0	0	0	0	0	0	0	0
695	10.33	14.00	0	3	1	0	0	2	0	1	0	0	0	0	0	0	0	0	0	0	0	0	0	0	0	0	0	0	0	0	0
696	9.33	9.50	9.00	6	4	2	0	0	0	0	0	0	0	0	0	0	0	0	0	0	0	0	0	6	0	0	0	0	0	0	0
697	8.00	8.00	8.38	19	16	8	0	3	1	0	0	0	3	0	1	2	0	0	1	1	1	0	1	3	0	0	0	0	0	0	1
698	8.90	8.80	8.88	86	70	41	9	6	8	7	5	4	5	3	0	5	0	4	0	4	0	2	3	2	2	0	1	2	3	1	0
699	6.15	6.08	6.65	103	79	34	10	13	9	4	1	4	2	5	6	5	2	3	2	0	1	1	1	3	3	1	1	5	1	0	2
700	7.56	7.63	6.96	222	168	79	26	13	24	18	15	11	10	12	1	3	3	7	8	3	6	3	8	2	4	3	5	3	0	3	2
701	7.35	7.10	7.50	68	51	22	8	6	6	6	3	7	4	2	0	1	2	0	2	2	1	0	1	4	0	4	2	1	0	1	0
702	8.15	8.16	7.73	144	117	48	14	7	15	12	9	12	2	5	7	6	2	5	3	7	5	2	2	5	1	0	3	0	2	2	3
703	8.20	8.13	8.42	284	228	111	36	16	27	13	16	23	18	13	5	7	5	8	4	8	5	6	8	2	3	3	8	2	0	3	7
704	7.63	7.78	7.54	70	59	26	6	5	6	4	5	2	1	2	2	5	0	1	1	2	3	6	1	1	1	0	1	0	2	2	1
705	7.86	7.88	7.49	116	95	43	11	6	11	8	10	10	13	7	2	5	1	2	1	2	1	2	2	1	3	2	0	1	1	1	0
706	8.34	8.23	8.59	92	71	27	2	13	10	9	7	3	5	5	1	3	6	2	0	1	0	2	3	0	3	0	4	1	1	0	1
707	8.32	8.19	7.58	40	36	12	1	4	6	1	3	2	2	2	2	1	1	0	5	1	2	1	1	0	0	1	0	0	1	0	0
708	7.33	7.50	5.00	3	2	1	0	1	0	1	0	0	0	0	0	1	0	0	0	0	0	0	0	0	0	0	0	0	0	0	0
709	11.71	12.17	11.33	7	6	3	1	1	2	0	0	0	0	0	0	0	0	0	0	1	0	0	0	0	0	0	0	0	1	0	0
710	9.67	10.00	9.33	6	5	3	0	0	0	0	0	0	0	2	0	0	0	0	0	0	0	0	0	4	0	0	0	0	0	0	0
722	11.00	11.00	11.00	1	1	1	0	0	0	0	0	0	0	0	0	1	0	0	0	0	0	0	0	0	0	0	0	0	0	0	0
723	16.00	16.00	16.00	1	1	1	0	0	0	0	0	0	1	0	0	0	0	0	0	0	0	0	0	0	0	0	0	0	0	0	0
724	14.00	14.00	14.00	2	2	2	1	0	0	0	0	0	0	0	0	0	0	0	0	0	0	0	1	0	0	0	0	0	0	0	0
729	9.00	0	0	1	0	0	0	1	0	0	0	0	0	0	0	0	0	0	0	0	0	0	0	0	0	0	0	0	0	0	0
733	15.00	15.00	0	1	1	0	0	1	0	0	0	0	0	0	0	0	0	0	0	0	0	0	0	0	0	0	0	0	0	0	0
734	8.60	8.60	7.25	5	5	4	0	0	0	1	1	0	1	0	0	0	0	0	0	0	0	0	1	0	0	0	0	0	0	0	0
735	7.82	7.82	7.43	98	79	37	10	5	8	7	7	3	7	2	3	1	3	3	7	1	1	3	0	1	2	3	0	7	1	3	1
736	7.35	7.25	7.37	429	329	123	42	42	36	42	19	28	21	23	20	16	11	10	13	13	10	4	3	0	6	3	6	6	11	5	4
737	7.74	7.71	7.38	77	62	26	12	15	5	5	6	1	1	2	3	1	1	6	1	0	0	1	1	0	0	3	0	1	2	2	1
738	7.70	7.79	9.43	23	19	7	1	3	0	1	2	2	1	0	1	2	1	1	1	2	0	0	1	0	0	0	1	1	0	0	0
739	8.09	8.26	8.10	58	46	21	4	3	2	4	5	2	5	1	3	2	3	5	0	0	1	2	3	4	1	0	0	1	1	1	0
740	7.09	7.00	6.60	44	32	10	2	9	0	3	1	4	1	0	1	2	2	0	3	3	4	0	1	1	0	0	2	1	0	0	0
741	7.82	7.80	7.83	106	79	41	18	10	8	16	1	2	4	5	2	8	4	2	3	2	3	4	3	1	1	0	1	0	2	0	0
742	7.26	7.26	7.08	43	34	12	5	8	4	2	0	0	1	1	3	2	2	0	3	0	2	2	0	0	2	1	1	0	0	0	1
743	7.23	7.23	7.43	147	111	56	11	11	14	18	4	7	7	5	4	8	2	4	5	4	2	4	3	6	3	4	2	1	1	3	1
744	9.50	9.50	5.00	4	4	1	0	0	0	2	0	0	0	0	1	0	0	0	0	0	0	0	0	0	0	0	0	0	0	0	0
745	12.00	11.90	11.14	26	21	7	2	4	2	1	2	1	0	1	1	0	1	1	1	1	0	1	0	0	1	1	0	1	0	1	0
746	11.22	10.89	10.75	36	28	12	8	4	3	3	1	1	2	3	3	1	1	0	1	0	1	0	1	1	0	0	0	0	0	0	0
758	12.60	11.25	11.00	5	4	2	0	1	1	2	0	0	1	0	0	0	0	0	0	0	0	0	0	0	0	0	0	0	0	0	0
759	11.89	11.88	10.33	9	8	3	1	3	0	1	0	0	1	2	0	0	0	1	0	0	0	0	0	0	0	0	0	0	0	0	0
768	12.00	12.00	0	2	2	0	0	0	0	0	0	0	1	0	0	0	0	0	0	0	0	0	0	1	0	0	0	0	0	0	0
769	12.00	0	0	1	0	0	0	0	0	0	0	0	0	0	0	0	0	0	0	0	0	0	0	0	0	0	0	0	0	1	0
770	8.35	8.45	8.90	55	44	21	11	5	7	2	3	0	0	5	1	0	1	1	3	0	2	0	2	1	1	1	1	2	0	2	0
771	7.68	7.72	8.15	281	208	99	31	24	35	16	18	13	12	15	10	8	3	12	5	11	1	6	4	2	6	4	6	7	2	4	3
772	7.35	7.40	7.47	170	126	62	26	12	19	12	7	9	11	6	5	4	5	5	4	2	1	6	3	0	6	2	1	4	1	6	3
773	7.00	6.94	6.37	75	63	27	9	12	6	0	6	4	6	2	2	1	3	2	3	0	2	0	2	0	0	2	1	3	2	1	0
774	8.48	9.11	9.29	25	18	7	2	3	5	1	1	2	1	2	0	1	1	2	0	0	0	1	0	0	0	0	0	0	0	1	0
775	6.48	6.60	5.75	21	15	4	1	1	0	3	2	0	0	0	0	1	0	0	1	2	2	0	0	2	0	0	0	0	0	0	1
776	7.05	6.97	6.41	85	69	27	9	8	7	12	6	2	6	6	2	2	4	1	1	1	2	1	2	3	1	2	0	0	2	0	0
777	8.73	8.75	8.50	11	8	2	2	0	0	1	0	2	0	0	0	1	0	0	0	0	0	0	0	0	0	0	0	0	2	0	1
778	6.40	6.30	5.84	106	77	31	13	13	4	9	3	10	3	4	6	8	2	2	3	1	2	2	3	1	2	1	3	2	1	0	1
779	8.05	7.82	8.50	43	33	12	2	7	3	3	1	2	4	2	1	2	3	2	2	0	1	1	0	1	1	0	1	0	1	0	1
781	10.63	10.50	10.80	19	14	5	0	2	2	3	4	1	0	0	0	1	1	1	0	0	0	0	1	0	0	0	0	1	0	0	0
782	10.61	10.59	10.15	31	29	13	0	4	5	0	3	0	4	1	1	2	1	0	0	0	0	2	3	0	4	0	0	0	0	0	0
794	13.13	13.08	13.20	15	13	5	0	1	0	0	3	0	0	0	0	1	0	1	0	1	0	1	0	0	0	0	0	0	1	0	0
795	11.40	10.83	10.33	10	6	3	1	0	0	2	2	0	0	0	0	2	0	0	0	0	0	0	0	0	1	0	0	0	0	0	1
796	12.00	12.00	12.00	1	1	1	0	0	0	1	0	0	0	0	0	0	0	0	0	0	0	0	0	0	0	0	0	0	0	0	0
798	11.33	11.91	11.67	12	11	3	2	0	0	0	0	2	1	1	0	1	0	0	1	0	0	2	0	0	0	0	0	0	0	1	0
800	10.29	10.16	10.00	21	19	8	2	1	2	0	0	1	5	0	0	0	1	0	2	1	0	0	0	0	1	0	0	0	1	1	0
801	15.50	15.00	0	2	1	0	0	1	0	0	0	0	0	0	0	0	0	0	0	0	0	0	0	1	0	0	0	0	0	0	0
802	11.00	0	0	1	0	0	0	0	0	0	0	0	0	0	0	0	0	0	0	0	0	0	0	1	0	0	0	0	0	0	0
803	10.67	10.00	13.00	3	2	1	1	0	0	1	0	0	0	0	0	0	0	0	0	0	0	0	0	0	0	0	0	0	0	0	0
804	9.60	9.60	9.60	5	5	5	0	0	0	0	0	0	1	0	0	1	0	0	0	0	0	0	0	2	0	0	0	0	0	0	0
806	7.71	7.32	7.73	35	28	15	12	3	2	0	3	3	1	3	1	0	0	1	1	0	0	0	0	0	0	0	1	1	0	0	0
807	8.01	8.02	7.68	354	277	127	41	35	29	13	16	14	16	16	11	11	12	11	12	10	12	8	6	1	11	5	3	12	4	12	4
808	7.36	7.36	7.90	99	80	29	10	6	9	6	12	3	2	7	3	2	5	6	0	1	1	1	3	3	1	3	0	1	1	3	1
809	7.03	7.00	6.98	430	323	143	43	42	39	17	21	19	25	8	19	11	14	12	19	7	16	9	3	2	12	9	11	18	3	5	5
810	6.83	6.94	6.68	41	31	19	8	2	4	3	1	1	6	2	1	1	0	1	1	0	2	0	2	2	0	0	0	0	1	1	0
811	6.56	7.67	5.50	9	6	2	0	2	0	0	0	0	1	0	1	0	1	0	0	0	1	0	0	2	0	0	0	0	1	0	0
812	5.49	5.79	6.15	45	38	13	4	3	2	2	2	2	3	4	2	3	0	2	3	0	2	1	1	1	1	0	0	0	2	0	1
813	5.69	6.10	5.84	83	59	19	6	6	1	11	3	4	2	0	8	4	2	2	0	5	2	2	2	10	0	0	0	0	3	0	0
814	5.19	5.24	4.83	316	238	101	35	29	22	23	20	13	14	12	10	13	10	12	6	6	4	7	10	1	12	3	4	4	6	4	5
815	6.30	6.24	6.51	201	149	55	13	12	11	25	11	11	11	20	5	9	6	4	5	0	5	6	7	2	11	6	3	2	1	1	3
816	8.13	8.30	8.78	64	53	23	8	8	2	2	3	3	4	2	1	2	1	4	3	1	0	2	0	1	2	1	1	1	2	2	1
817	11.00	10.60	10.33	7	5	3	1	1	2	1	1	0	0	0	0	0	0	0	0	0	0	0	0	0	0	0	0	0	0	0	0
818	10.40	10.12	10.13	25	17	8	6	2	2	2	3	1	1	1	1	1	0	1	0	0	0	0	0	0	1	2	0	1	0	0	0
825	0.00	0.00	0	1	1	0	0	0	0	0	0	0	0	0	0	0	0	0	0	0	0	0	0	0	0	0	0	0	0	0	0
829	16.71	15.67	14.33	7	6	3	0	0	2	1	0	0	0	1	0	1	0	0	1	0	0	0	0	0	0	0	0	0	0	0	0
830	8.00	8.00	8.00	2	1	1	0	0	1	1	0	0	0	0	0	0	0	0	0	0	0	0	0	0	0	0	0	0	0	0	0
831	10.55	10.56	8.00	11	9	3	2	1	0	1	0	1	0	1	1	0	1	0	0	0	0	0	1	0	0	0	0	0	1	0	0
833	10.13	9.64	7.22	31	25	9	4	6	2	1	1	2	1	0	1	1	1	0	2	0	0	0	0	2	0	1	0	1	1	1	0
834	9.09	9.14	9.64	113	84	36	21	11	10	4	6	3	6	5	4	5	2	1	5	1	0	1	3	0	1	5	1	0	2	3	3
835	8.03	8.33	9.40	38	27	10	10	3	1	4	2	1	1	4	2	0	1	0	1	1	0	1	1	2	2	0	0	0	0	0	0
836	11.09	10.50	11.00	11	6	2	2	0	0	3	0	0	1	0	1	0	0	0	1	0	0	0	1	1	0	0	0	0	0	0	0
837	11.17	11.10	11.25	24	21	8	5	2	3	3	2	2	0	2	0	0	1	1	2	0	0	0	0	0	0	0	0	0	0	0	0
838	11.72	11.90	10.38	25	21	8	3	1	1	1	4	5	0	0	1	1	0	0	0	0	0	1	0	0	1	0	0	1	0	0	0
839	11.00	11.35	10.78	23	20	9	2	0	3	1	3	2	4	0	2	1	0	1	1	0	0	0	0	0	1	0	0	0	0	0	0
840	9.38	9.31	9.00	21	16	5	1	2	1	1	1	0	1	0	1	1	0	0	0	2	0	1	0	6	0	0	0	0	0	1	0
841	9.09	8.75	8.00	11	8	2	2	1	0	2	0	2	0	2	0	1	0	0	0	0	0	1	0	0	0	0	0	0	0	0	0
842	11.77	11.60	12.33	13	10	3	0	1	2	1	1	0	0	1	0	0	0	0	1	0	1	0	1	1	0	0	0	0	1	0	0
843	10.14	9.50	8.00	7	4	1	1	1	0	1	0	0	0	0	1	0	0	1	0	1	0	0	0	0	0	0	0	0	0	0	1
844	7.06	6.98	7.01	253	204	85	25	18	16	13	8	20	22	9	15	8	9	12	9	6	1	4	6	7	6	6	3	4	5	3	1
845	6.92	6.88	7.16	109	90	38	7	7	7	9	7	8	7	0	12	6	3	5	3	1	2	3	3	1	1	1	1	1	0	2	2
846	7.00	0	0	1	0	0	0	0	0	0	0	0	0	0	0	0	0	0	0	0	1	0	0	0	0	0	0	0	0	0	0
847	6.70	6.79	7.62	107	89	42	11	9	13	4	4	4	2	5	5	9	4	4	6	1	2	1	2	0	6	1	1	2	3	0	1
848	6.58	6.65	6.27	59	43	22	10	2	4	3	0	2	2	1	6	4	4	2	1	1	0	2	1	5	0	1	3	0	0	1	1
849	5.64	5.68	5.41	99	68	27	5	13	6	5	9	6	5	7	1	4	3	5	1	5	1	2	2	3	5	2	1	2	0	1	1
850	5.37	5.42	5.04	367	285	107	31	29	20	35	27	24	18	29	13	16	12	10	10	6	8	3	9	4	14	3	7	9	4	1	3
851	8.10	8.12	8.11	181	141	62	17	4	18	15	15	12	8	8	5	7	10	10	2	1	3	3	5	2	3	0	7	2	2	0	0
852	7.84	7.81	7.36	25	21	11	3	0	4	4	1	1	1	1	0	1	0	1	2	0	0	2	0	0	0	0	0	1	0	0	0
853	8.00	8.00	8.00	8	8	4	2	1	0	1	1	0	0	0	0	0	1	1	0	0	0	0	0	0	0	0	0	0	0	0	0
854	10.86	11.40	0	7	5	0	0	1	0	4	0	0	0	1	0	0	0	0	0	0	0	0	0	0	0	0	0	0	0	0	0
866	14.67	25.00	0	3	1	0	1	0	0	0	0	0	0	0	0	0	0	0	0	1	0	1	0	0	0	0	0	0	0	0	0
867	10.56	10.22	10.55	25	23	11	2	4	0	2	1	0	3	1	1	3	3	0	1	0	0	0	0	1	1	0	0	1	0	0	1
868	11.14	11.46	11.50	14	13	6	1	3	3	0	2	1	0	0	0	2	2	0	0	0	0	0	0	0	0	0	0	0	0	0	0
869	12.50	13.00	0	2	1	0	0	1	0	0	1	0	0	0	0	0	0	0	0	0	0	0	0	0	0	0	0	0	0	0	0
870	8.95	9.13	9.27	66	53	22	10	7	8	7	7	1	4	1	2	2	1	1	2	1	0	0	0	0	2	1	1	1	1	0	0
871	8.34	8.33	8.93	186	145	61	14	17	25	14	14	11	10	3	8	2	3	1	5	9	6	1	1	2	0	3	3	3	2	7	3
872	8.00	8.19	7.64	26	21	11	3	4	2	4	1	2	0	2	0	4	0	0	0	0	0	0	2	0	0	1	0	0	1	0	0
873	10.75	10.75	0	4	4	0	0	1	0	0	1	0	0	0	1	0	0	0	0	0	0	0	0	0	0	0	0	0	1	0	0
874	11.00	11.40	0	6	5	0	1	1	0	0	0	1	0	0	0	0	2	0	0	0	1	0	0	0	0	0	0	0	0	0	0
875	10.17	10.30	9.67	12	10	3	0	1	2	1	1	0	0	0	1	0	1	0	0	0	0	0	0	1	0	0	0	0	1	0	0
876	10.68	10.59	9.35	47	37	17	10	7	4	4	0	2	2	3	1	1	5	2	2	0	0	0	1	1	0	0	0	0	0	0	0
877	10.25	10.19	10.07	40	31	14	5	2	6	3	4	1	2	1	2	3	2	3	2	0	0	0	0	0	3	1	0	0	0	0	0
878	9.38	9.46	9.25	32	28	16	5	2	3	2	2	2	2	0	1	1	0	2	1	0	1	0	1	0	0	0	0	2	0	3	1
879	11.29	12.00	10.40	17	11	5	3	3	1	0	2	1	2	0	1	0	0	0	0	1	0	0	1	0	0	0	1	0	0	0	0
880	6.76	6.58	6.79	49	38	14	1	5	6	3	0	6	6	0	6	0	1	0	1	3	1	1	0	0	0	1	0	0	2	0	0
881	6.56	6.83	6.96	75	52	24	11	6	4	4	6	4	1	1	1	5	0	5	1	1	2	2	1	5	3	1	1	3	0	1	0
882	6.32	6.75	8.25	19	16	4	2	1	0	0	2	1	0	1	4	1	0	1	1	0	0	0	2	0	0	1	0	0	0	0	0
883	7.84	7.76	7.72	99	80	32	12	8	6	7	11	2	3	2	5	1	4	3	7	2	3	1	2	1	2	1	1	1	1	0	1
884	6.77	6.71	6.00	84	66	28	11	9	2	4	5	0	7	2	5	4	1	7	4	3	2	1	0	3	0	1	0	0	2	2	1
885	6.39	6.28	5.17	75	64	18	7	5	3	8	4	4	5	5	4	3	2	0	6	1	0	0	0	2	0	0	1	1	1	1	2
886	6.63	6.51	6.78	203	161	67	21	15	20	21	10	12	13	10	7	5	5	4	7	0	4	2	1	4	9	2	6	1	2	1	3
887	6.71	6.81	6.58	123	97	38	17	11	11	11	11	2	5	4	5	5	1	3	1	0	1	5	4	3	2	4	1	0	1	1	2
888	7.86	7.81	7.80	445	330	153	55	36	34	38	27	29	26	24	8	14	11	17	10	5	9	6	10	3	11	9	9	6	5	2	5
889	9.00	8.85	8.88	41	34	16	5	6	5	1	3	2	0	0	0	1	2	1	0	0	0	1	1	5	1	0	0	1	2	0	0
890	11.20	9.00	8.00	5	2	1	1	3	0	1	0	0	0	0	0	0	0	0	0	0	0	0	0	0	0	0	0	0	0	0	0
893	11.67	11.67	0	3	3	0	0	1	0	0	1	0	0	0	0	0	0	0	0	0	0	0	0	0	0	0	0	0	0	0	0
901	7.50	7.50	8.00	2	2	1	0	0	0	0	0	0	1	0	0	0	0	0	0	0	0	0	0	1	0	0	0	0	0	0	0
902	14.20	14.33	13.00	5	3	1	0	0	0	0	0	0	0	0	0	0	0	0	0	1	1	1	0	0	1	0	0	0	0	0	0
903	9.76	9.95	10.38	25	22	8	3	3	1	0	3	3	2	0	1	2	1	1	0	1	0	0	0	0	0	0	1	0	1	0	0
904	8.00	10.00	10.00	4	2	1	2	0	0	0	0	0	0	0	0	0	0	0	0	0	0	0	0	0	0	0	0	0	0	1	0
905	10.00	8.00	8.67	5	4	3	0	1	1	1	0	0	0	0	0	0	0	1	0	1	0	0	0	0	0	0	0	0	0	0	0
906	7.97	7.96	7.43	58	45	21	5	5	7	1	0	2	3	5	3	1	3	1	0	2	1	1	3	1	1	0	1	2	1	2	0
907	8.70	8.42	8.57	82	71	30	12	6	9	5	6	5	4	3	1	3	0	2	2	2	0	4	1	2	2	1	1	1	3	0	1
908	10.83	10.62	10.41	29	26	17	9	0	2	1	1	0	2	2	1	3	1	1	0	0	1	0	2	0	0	0	0	1	1	0	0
909	9.71	10.25	9.00	7	4	3	1	1	2	1	0	0	0	1	0	0	0	0	0	1	0	0	0	0	0	0	0	0	0	0	0
910	12.00	12.00	12.00	1	1	1	0	0	0	0	0	0	0	0	0	1	0	0	0	0	0	0	0	0	0	0	0	0	0	0	0
911	9.75	9.33	10.00	4	3	1	1	1	0	0	0	0	0	0	0	0	0	0	0	0	0	1	0	0	0	0	0	0	0	0	0
912	10.40	10.29	11.50	10	7	2	1	3	1	2	0	0	0	0	0	0	0	0	0	0	0	0	0	0	0	0	0	1	0	1	0
913	9.30	9.19	9.22	149	124	51	12	16	13	9	6	12	4	6	1	6	3	5	15	3	4	4	6	2	1	0	1	3	2	2	3
914	8.95	8.91	8.68	153	119	56	14	14	19	4	8	13	7	4	4	4	7	2	2	2	4	1	2	0	7	2	4	4	1	1	3
915	9.00	9.00	8.00	9	7	2	1	0	1	1	1	1	0	1	1	0	1	0	0	0	0	0	0	0	0	0	0	0	0	0	0
916	7.00	7.21	7.88	41	34	16	6	4	1	1	5	1	1	0	2	2	2	4	0	2	0	0	2	2	1	0	1	0	1	0	0
917	5.82	6.00	6.25	78	66	24	7	10	4	12	5	4	3	2	1	2	3	1	3	3	3	1	1	3	1	0	0	0	2	1	2
918	8.22	8.48	9.23	96	66	26	8	10	11	9	8	9	1	8	2	4	3	3	0	1	1	1	2	0	3	0	2	0	0	2	5
919	6.62	6.51	6.64	330	237	118	35	25	26	21	16	7	15	14	5	10	6	15	9	5	12	9	9	5	12	10	8	6	4	2	6
920	7.28	7.41	7.66	79	66	29	5	7	12	4	4	7	0	6	3	3	0	4	1	1	1	1	0	1	0	0	2	2	3	1	3
921	6.86	6.81	6.76	313	235	89	23	20	26	28	17	36	4	18	11	12	9	4	8	5	5	5	10	6	7	5	7	4	4	6	6
922	6.19	6.17	6.07	447	347	160	49	27	54	42	23	28	13	36	7	22	13	11	13	2	7	14	7	1	8	8	7	8	2	4	2
923	6.85	6.91	6.85	210	160	48	14	16	13	13	21	11	12	7	5	4	6	4	8	3	3	4	3	7	9	10	1	3	4	4	2
924	7.53	7.43	6.90	138	104	48	19	10	6	10	9	1	5	6	3	5	4	10	4	0	5	6	3	0	6	2	4	1	1	2	1
925	8.50	8.00	8.00	26	16	6	3	5	1	4	0	3	0	0	1	1	0	0	0	0	0	2	0	0	1	0	1	1	1	0	0
926	14.00	14.00	9.00	2	2	1	1	0	0	0	0	1	0	0	0	0	0	0	0	0	0	0	0	0	0	0	0	0	0	0	0
927	11.29	10.25	10.00	7	4	1	0	2	0	3	1	0	0	0	0	0	0	0	0	0	0	0	0	0	0	0	0	0	0	1	0
928	11.59	11.62	11.06	41	37	16	3	4	2	3	1	0	6	2	3	1	3	4	3	0	1	0	1	0	0	1	0	0	0	0	0
929	11.24	10.94	10.78	46	36	23	10	6	8	5	1	1	2	1	1	3	0	1	0	1	0	1	1	1	0	0	1	0	0	0	0
930	13.33	12.40	9.50	6	5	2	0	0	2	0	0	2	0	0	0	0	1	0	0	0	0	0	0	0	0	0	1	0	0	0	0
937	15.00	15.00	0	1	1	0	0	0	0	0	1	0	0	0	0	0	0	0	0	0	0	0	0	0	0	0	0	0	0	0	0
938	11.29	11.75	11.50	14	12	4	2	1	0	0	2	3	0	1	0	1	1	0	0	0	0	0	0	1	0	0	1	0	0	0	0
939	9.71	9.90	9.45	24	21	11	3	0	3	1	2	2	5	1	0	1	0	1	1	0	1	0	1	1	1	0	0	0	0	0	0
940	8.59	8.40	8.89	66	53	27	8	5	8	1	1	0	1	3	2	3	6	3	2	0	1	0	1	2	0	2	2	2	1	3	2
941	8.80	8.70	8.87	64	54	23	6	2	1	5	4	1	3	2	3	6	2	3	2	2	2	1	2	1	1	2	1	1	3	0	0
942	15.00	0	0	1	0	0	0	0	1	0	0	0	0	0	0	0	0	0	0	0	0	0	0	0	0	0	0	0	0	0	0
943	7.50	7.33	8.67	8	6	3	2	1	1	1	0	0	0	0	0	0	0	1	0	0	0	0	1	0	0	0	0	0	1	0	0
944	5.80	6.25	5.25	15	12	4	1	3	0	0	0	0	2	0	0	0	0	0	5	1	1	0	0	1	0	0	0	0	0	0	1
945	10.62	9.89	11.00	13	9	4	0	3	2	1	1	0	1	0	1	0	0	2	0	0	1	0	0	1	0	0	0	0	0	0	0
946	10.50	10.50	9.50	8	8	2	0	2	1	0	1	0	1	0	0	0	0	0	2	0	1	0	0	0	0	0	0	0	0	0	0
947	8.26	7.73	7.64	38	30	14	2	1	1	1	3	1	7	3	1	2	0	1	1	0	2	1	1	0	4	0	0	2	0	0	0
948	10.75	10.75	9.00	4	4	1	0	0	0	0	3	0	1	0	0	0	0	0	0	0	0	0	0	0	0	0	0	0	0	0	0
949	9.88	10.00	8.50	16	13	6	2	1	2	0	1	0	0	2	0	3	1	1	0	1	0	0	0	1	0	0	0	0	0	0	0
950	8.69	8.64	8.68	256	192	90	40	16	30	19	9	16	17	11	8	5	9	7	2	7	7	2	2	3	5	3	3	7	4	1	3
951	8.81	8.80	8.49	203	160	73	24	20	24	18	8	7	7	8	8	7	5	4	3	4	3	6	1	0	3	4	5	5	4	6	2
952	14.00	14.00	0	1	1	0	0	1	0	0	0	0	0	0	0	0	0	0	0	0	0	0	0	0	0	0	0	0	0	0	0
953	7.33	8.50	0	3	2	0	0	0	0	0	0	0	0	0	0	0	0	0	0	1	0	0	0	1	0	0	0	0	0	0	0
954	5.67	5.96	5.76	78	54	21	6	7	3	5	9	2	6	0	3	6	5	2	0	1	0	1	3	0	2	1	3	2	0	1	1
955	6.44	6.44	6.28	112	85	40	10	11	7	7	10	6	7	3	3	2	2	2	2	2	4	1	5	1	1	2	0	4	1	3	4
956	6.10	6.13	6.05	222	182	84	22	16	21	8	8	13	12	7	18	6	9	15	3	4	2	1	8	8	4	5	3	4	2	1	3
957	7.21	7.25	7.07	67	53	29	7	4	7	4	2	4	3	1	4	5	2	5	1	2	2	1	0	0	1	2	2	1	1	0	1
958	6.41	6.41	6.35	358	276	110	39	34	24	19	23	18	15	18	19	15	9	11	9	8	12	4	6	6	8	5	5	3	4	5	3
959	6.33	6.35	5.74	107	77	35	10	12	17	8	5	4	1	5	4	5	1	1	6	1	2	1	2	2	0	5	2	1	0	1	0
960	6.80	6.72	6.44	147	122	43	18	14	6	12	14	15	6	11	5	2	5	7	0	1	1	2	4	2	4	1	3	0	2	1	1
961	7.87	7.73	7.83	114	90	36	11	16	12	10	8	4	6	5	2	3	5	5	4	3	1	3	1	0	2	1	1	2	1	1	0
962	8.34	8.26	8.57	73	54	21	5	9	3	9	3	0	4	4	5	5	5	2	1	1	2	2	3	0	4	0	0	1	0	0	0
963	9.05	8.73	8.33	21	15	6	3	5	1	0	3	1	0	0	0	1	0	0	1	0	0	1	0	1	1	0	0	1	0	0	2
964	11.02	11.00	10.55	58	50	11	5	7	4	1	3	5	1	5	2	0	4	2	2	1	1	1	1	1	0	1	1	0	1	0	2
965	10.73	10.87	10.86	118	91	37	10	13	9	6	4	6	7	2	10	4	5	4	1	2	3	4	2	0	5	2	1	1	0	2	1
966	11.70	11.70	11.78	77	63	32	6	7	7	6	8	3	4	3	4	7	0	3	1	2	0	0	1	0	3	1	1	1	1	0	1
967	12.00	11.00	10.86	14	10	7	2	2	0	1	1	0	1	1	1	0	0	0	0	0	0	0	2	0	0	0	2	0	0	0	0
973	11.67	11.67	13.00	3	3	2	0	0	0	0	0	0	2	0	0	0	0	0	0	0	0	1	0	0	0	0	0	0	0	0	0
974	9.33	9.60	8.67	12	10	3	0	1	1	1	1	0	1	1	0	1	1	0	0	0	0	0	0	0	2	0	0	0	1	0	0
975	9.12	8.89	8.82	25	19	11	2	3	4	1	0	1	1	0	1	0	0	2	1	0	1	0	0	1	0	0	0	5	0	0	0
976	9.15	9.27	9.22	214	172	90	24	14	24	16	3	15	8	11	6	7	10	10	9	5	3	2	6	2	5	5	2	3	4	4	2
977	9.01	9.23	9.07	69	61	40	14	5	15	5	2	0	1	0	1	2	2	4	3	0	2	1	0	3	0	0	0	2	0	1	0
978	8.00	8.00	8.00	1	1	1	0	0	1	0	0	0	0	0	0	0	0	0	0	0	0	0	0	0	0	0	0	0	0	0	0
980	0.00	0.00	0	1	1	0	0	0	0	1	0	0	0	0	0	0	0	0	0	0	0	0	0	0	0	0	0	0	0	0	0
981	7.25	7.33	8.00	4	3	2	0	1	0	0	0	0	0	0	0	2	0	0	0	1	0	0	0	0	0	0	0	0	0	0	0
982	8.36	8.59	8.47	42	32	15	2	3	2	8	1	1	1	3	1	1	1	1	1	0	1	1	3	0	1	1	0	1	0	0	1
983	7.00	7.05	7.13	23	19	8	3	2	1	1	1	1	0	0	2	0	2	0	2	2	2	0	0	0	0	0	0	0	1	1	2
985	10.60	10.00	12.00	5	3	1	0	0	1	0	0	0	0	0	1	0	0	0	0	0	1	0	0	0	0	0	0	0	1	0	1
986	8.55	8.68	8.35	161	120	57	15	15	18	7	4	10	9	8	3	4	4	7	4	4	0	3	8	5	3	3	0	6	1	1	5
987	9.23	8.84	7.57	26	19	7	0	4	2	4	0	0	0	3	1	1	2	1	0	2	0	0	1	0	0	0	1	0	1	0	1
989	6.88	6.53	6.71	25	19	7	1	2	3	2	0	1	2	0	3	0	0	1	0	1	0	2	0	4	0	0	1	0	2	0	0
990	6.17	6.13	6.25	133	102	48	16	11	14	12	11	3	4	5	6	7	4	6	3	3	4	1	1	1	1	4	0	0	0	0	1
991	6.53	6.47	6.72	201	167	68	22	12	11	13	14	11	11	14	6	11	10	9	5	2	2	3	6	5	0	3	3	2	1	3	1
992	6.56	6.55	6.21	307	219	101	42	26	29	47	11	11	11	16	6	10	4	3	2	4	4	9	7	3	8	5	4	7	1	4	2
993	6.84	6.88	6.38	107	72	16	4	34	6	10	5	2	3	3	7	3	5	1	2	2	4	0	1	2	1	4	1	0	3	0	0
994	6.01	6.03	6.10	149	120	51	15	10	8	5	6	11	6	11	10	5	3	10	11	1	4	1	3	2	7	3	2	2	0	0	1
995	6.05	6.22	5.21	73	51	19	2	3	4	5	2	2	4	2	5	4	3	2	0	2	2	4	0	10	5	0	3	1	1	1	0
996	6.47	6.41	6.28	432	317	136	52	39	40	37	18	16	26	30	12	11	14	12	6	2	6	11	11	3	10	10	7	11	2	2	4
997	8.00	8.03	8.32	246	178	72	16	33	22	20	13	11	9	16	5	6	7	13	6	0	4	4	8	0	8	7	4	4	3	1	6
998	8.84	8.72	8.41	51	40	17	2	4	2	3	3	5	3	1	0	3	2	3	2	1	0	2	2	2	2	3	1	1	0	0	1
999	10.42	10.21	12.00	19	14	3	1	1	2	3	2	1	1	0	0	0	1	0	2	0	0	1	0	0	1	0	0	0	0	0	1
1000	11.30	11.43	10.78	27	21	9	4	2	3	4	2	2	0	2	0	0	1	0	0	1	0	0	0	0	0	1	0	0	1	1	0
1001	11.20	11.05	10.72	50	42	18	2	6	7	2	1	3	2	1	1	3	2	1	2	2	2	2	1	0	1	1	0	0	1	0	1
1002	12.20	12.32	12.04	56	41	24	11	1	3	7	4	2	2	4	0	8	2	1	1	0	0	1	2	0	0	1	0	1	0	0	1
1003	13.71	13.50	15.00	7	6	1	1	0	0	1	1	1	0	1	0	0	0	0	0	0	0	0	0	0	0	0	0	0	0	0	0
1009	10.67	10.80	13.00	6	5	1	0	0	2	1	0	0	0	1	0	0	0	0	0	0	0	1	0	0	0	0	0	0	1	0	0
1010	12.50	12.50	0	2	2	0	0	0	0	0	0	0	0	0	0	0	0	0	0	0	1	0	0	0	0	0	0	0	0	0	0
1011	6.00	0	0	1	0	0	0	0	0	0	0	0	0	0	0	0	0	0	0	0	0	0	0	0	0	0	0	0	0	0	0
1012	8.46	8.14	8.21	35	28	14	7	0	1	3	2	2	1	3	1	3	1	1	1	0	0	0	0	0	0	0	3	0	0	0	1
1013	8.50	8.46	8.17	98	82	36	9	9	9	12	4	7	4	1	1	3	3	4	2	2	4	2	1	4	1	1	2	0	0	1	2
1014	8.22	8.19	8.41	77	53	22	10	11	4	7	4	3	3	0	3	2	0	3	0	1	1	2	2	4	1	1	1	0	1	1	2
1015	8.80	8.80	12.00	5	5	1	0	1	0	0	0	1	0	0	0	0	1	1	0	0	0	0	0	1	0	0	0	0	0	0	0
1016	7.50	8.14	8.00	8	7	2	0	1	0	1	0	0	0	1	0	0	0	1	1	0	0	0	1	1	0	0	0	0	0	0	0
1017	7.09	8.00	8.50	23	17	8	2	1	2	4	1	0	0	0	0	1	0	1	2	0	1	0	0	2	0	0	0	0	0	0	2
1018	6.67	7.20	6.33	15	10	3	1	1	2	1	0	1	1	0	0	0	1	1	0	1	0	0	0	1	0	0	0	0	1	1	0
1019	7.95	7.78	8.00	40	32	6	3	6	2	11	2	0	2	2	0	0	3	0	1	1	0	0	0	2	0	0	0	0	2	0	0
1020	7.88	8.30	10.50	16	10	2	0	4	1	1	1	0	0	0	0	0	1	0	0	0	0	0	1	3	0	0	1	0	0	0	0
1021	8.21	8.16	8.25	24	19	8	1	5	0	2	1	0	0	2	0	0	0	4	1	2	0	0	0	2	0	1	0	0	1	0	0
1022	8.76	8.84	8.67	50	37	18	5	7	4	7	0	1	2	0	2	3	3	0	6	0	1	0	1	1	0	1	1	0	0	0	1
1023	9.08	8.79	8.36	48	33	22	9	1	6	6	2	0	4	1	0	3	0	3	0	2	2	1	0	0	1	1	0	1	0	0	1
1024	8.12	8.29	8.00	26	21	5	0	3	0	2	3	3	0	1	3	3	2	0	0	0	1	0	0	0	0	0	1	0	0	1	0
1025	8.67	8.64	8.33	12	11	6	3	1	1	1	2	1	0	0	0	1	0	1	0	0	0	0	1	0	0	0	0	0	0	0	0
1026	6.96	6.80	6.38	72	60	29	12	5	4	4	7	3	4	2	5	4	0	1	2	0	1	1	1	1	0	1	0	0	0	1	5
1027	6.04	5.92	5.58	290	214	101	35	32	32	8	15	16	23	6	5	6	9	7	8	6	4	3	9	3	9	5	9	7	3	5	4
1028	5.71	5.59	5.12	340	268	131	32	40	40	26	10	11	6	11	13	10	9	12	10	5	7	2	5	11	2	3	5	6	9	4	5
1029	6.98	6.84	6.57	98	77	37	15	16	7	8	2	7	7	4	1	7	0	3	1	2	7	4	2	1	0	0	1	0	1	0	0
1030	6.83	7.27	7.70	82	64	23	3	7	4	14	1	4	4	0	6	3	4	1	4	3	2	2	3	0	1	1	0	0	2	0	1
1031	5.24	5.20	5.33	105	80	24	6	18	3	9	2	3	9	1	16	3	4	0	5	1	1	0	0	4	2	3	2	1	3	0	1
1032	6.00	5.93	5.74	620	494	200	72	44	41	46	43	23	31	23	40	32	24	14	10	16	20	18	12	14	8	10	12	2	6	6	3
1033	6.77	6.74	6.75	694	518	210	67	66	50	56	44	31	35	35	18	18	23	20	20	3	14	19	19	5	15	20	18	14	10	5	7
1034	7.49	7.43	7.65	230	179	72	18	24	18	24	12	8	11	8	13	6	8	8	5	7	4	10	3	2	4	1	3	4	1	3	2
1035	8.11	7.86	6.00	9	7	1	0	4	0	2	0	1	0	0	0	0	0	1	0	1	0	0	0	0	0	0	0	0	0	0	0
1036	9.13	9.08	8.00	16	13	1	0	3	0	0	1	2	0	1	1	0	1	0	0	0	0	0	0	1	0	0	1	0	1	0	2
1037	10.74	10.95	10.00	23	19	5	1	5	0	2	3	2	0	0	1	1	1	1	0	1	0	0	1	2	0	0	0	0	1	0	0
1038	13.00	12.67	0	4	3	0	0	2	0	1	0	0	0	0	0	0	1	0	0	0	0	0	0	0	0	0	0	0	0	0	0
1048	11.00	10.50	10.50	3	2	2	1	0	0	1	0	0	0	0	0	1	0	0	0	0	0	0	0	0	0	0	0	0	0	0	0
1049	9.00	9.00	8.00	5	4	1	0	1	0	1	0	0	0	0	1	0	0	0	0	0	0	0	0	1	0	0	0	0	0	0	0
1050	9.23	9.90	12.00	13	10	2	1	1	0	2	0	1	0	0	0	0	0	0	3	2	0	0	0	2	0	0	0	0	0	0	0
1051	9.00	8.85	8.92	32	26	13	8	1	3	4	2	1	1	1	0	1	1	0	2	0	0	0	1	1	0	1	0	1	0	0	0
1052	9.35	9.71	9.18	40	31	11	3	4	1	5	3	1	0	0	0	1	1	0	1	4	1	1	1	3	2	0	0	1	2	0	0
1053	8.45	8.35	8.56	93	69	39	9	9	6	9	2	5	5	3	1	7	0	0	1	4	7	2	5	3	2	2	1	1	0	0	2
1054	8.75	8.70	9.03	106	74	31	12	14	5	9	6	2	3	1	7	5	8	7	1	0	1	2	1	4	4	1	0	2	1	2	0
1055	8.62	8.90	9.22	77	60	27	12	2	7	3	5	3	3	8	2	3	2	1	2	0	0	1	0	6	1	5	1	3	0	2	1
1056	7.63	7.83	7.33	30	24	9	2	1	0	1	1	2	6	3	2	0	1	1	0	1	1	0	1	1	1	2	0	1	0	0	0
1057	6.27	6.18	6.25	67	49	20	3	19	3	7	0	1	4	0	0	2	3	2	2	0	3	0	1	7	0	0	1	0	0	0	0
1058	5.93	5.81	5.20	42	32	15	6	4	2	5	4	0	1	0	0	1	1	0	3	1	2	0	1	3	0	3	0	0	0	1	0
1059	5.92	6.16	7.00	76	57	16	5	8	4	8	1	1	1	4	3	1	5	0	3	2	4	1	1	8	1	0	2	0	1	3	2
1060	7.44	7.15	6.74	57	46	19	7	3	4	3	6	4	2	2	4	4	3	1	2	0	1	1	1	1	1	0	1	0	0	2	0
1061	6.92	7.08	6.61	88	71	36	4	5	8	11	0	2	3	4	4	8	5	3	1	1	5	3	2	4	0	1	1	2	0	1	1
1062	5.34	5.35	5.15	336	257	115	41	32	9	19	16	9	24	11	8	19	6	6	15	17	14	14	2	5	6	9	9	3	5	4	2
1063	4.71	4.67	4.05	762	587	193	50	79	37	76	23	20	33	15	61	30	43	16	25	52	25	25	7	17	6	11	13	2	14	6	6
1064	5.49	5.26	5.17	796	594	212	65	91	57	61	38	31	41	18	61	29	31	11	17	40	25	16	8	10	8	25	8	7	14	3	4
1065	6.05	6.04	5.86	328	248	79	19	54	18	30	10	15	13	6	20	14	19	4	8	9	11	11	3	13	4	4	6	5	3	3	4
1066	5.97	5.80	5.59	267	206	66	14	45	14	29	8	13	14	8	21	10	14	8	9	6	4	7	2	4	0	1	4	2	5	0	2
1067	5.48	5.51	5.09	316	248	79	30	28	4	32	15	13	9	12	33	16	13	9	10	5	9	8	4	14	1	5	1	4	3	3	1
1068	6.50	6.54	6.22	364	277	119	46	27	35	28	17	23	15	17	11	16	11	8	12	5	5	7	9	10	6	7	3	6	5	6	5
1069	7.85	8.03	7.45	53	35	11	8	10	2	7	4	1	1	0	1	1	1	1	1	2	0	2	0	3	2	1	0	0	2	0	0
1070	9.50	9.50	7.00	4	4	1	0	1	0	2	0	0	0	0	0	0	0	0	0	1	0	0	0	0	0	0	0	0	0	0	0
1071	11.33	10.33	10.00	6	3	1	0	2	0	0	0	0	0	0	1	0	0	1	1	0	0	0	0	0	0	0	0	1	0	0	0
1072	9.66	9.69	9.41	106	86	27	14	6	5	9	7	8	3	5	6	2	5	4	2	0	2	4	3	0	1	0	0	2	2	2	0
1073	9.84	10.00	9.32	89	76	31	10	6	9	1	3	7	8	5	3	4	5	2	5	1	0	1	2	1	3	1	1	3	4	1	0
1074	11.50	11.50	9.00	2	2	1	0	0	0	0	1	0	0	0	0	1	0	0	0	0	0	0	0	0	0	0	0	0	0	0	0
1080	10.00	10.00	0	1	1	0	0	0	0	0	0	0	0	0	0	0	0	0	0	0	0	0	0	1	0	0	0	0	0	0	0
1084	8.00	9.00	9.00	2	1	1	0	0	0	0	0	0	0	0	0	0	0	0	0	0	0	0	0	2	0	0	0	0	0	0	0
1085	11.50	11.50	11.00	2	2	1	0	0	0	0	0	0	0	0	0	0	0	0	0	0	0	0	0	0	0	0	0	0	0	1	0
1087	8.85	9.17	9.33	20	12	6	5	1	0	1	2	0	1	1	1	1	0	0	0	1	1	1	0	0	0	0	1	0	0	1	0
1088	9.80	9.95	9.93	76	56	29	9	7	5	7	4	2	4	3	0	4	3	4	0	3	1	3	0	2	2	0	2	1	0	0	1
1089	9.40	9.38	9.57	85	72	37	13	2	10	4	5	4	7	8	2	4	3	6	1	1	1	1	2	0	1	0	5	0	1	1	0
1090	8.66	8.70	8.67	290	220	95	35	29	19	11	14	16	15	8	20	9	2	8	11	7	3	3	5	0	10	23	11	3	2	1	0
1091	8.87	8.93	8.84	183	140	64	21	10	12	13	7	13	6	9	5	7	3	8	5	2	12	5	5	1	4	2	4	3	2	0	4
1092	8.45	8.28	8.48	83	64	25	11	10	3	3	8	4	4	2	4	1	2	5	2	1	2	0	1	0	0	3	3	1	2	2	0
1093	8.18	8.24	8.59	89	67	29	14	8	7	7	4	3	4	5	1	2	2	4	1	1	3	3	2	0	1	1	2	2	1	1	0
1094	4.52	4.62	5.31	95	81	29	10	6	5	3	3	6	5	2	4	1	2	4	6	2	3	1	2	5	2	0	1	1	1	0	2
1095	4.77	4.81	4.85	328	243	106	33	23	23	28	16	16	14	24	6	15	12	8	8	6	3	2	7	2	11	6	9	4	2	1	4
1096	5.97	5.92	6.12	124	103	34	8	19	9	8	12	6	6	4	7	4	1	4	4	2	4	2	1	3	1	0	1	1	3	2	0
1097	5.85	5.91	6.00	84	65	11	3	17	1	8	4	5	4	1	9	2	4	2	2	2	0	1	1	5	2	2	1	0	3	1	1
1098	5.13	4.87	4.07	165	123	46	16	22	9	14	10	5	9	4	13	4	9	3	5	8	4	1	1	6	0	0	5	1	4	0	1
1099	4.34	4.22	4.52	177	137	42	16	21	12	15	5	7	5	7	9	5	9	9	7	6	4	2	3	11	2	1	1	0	2	0	1
1100	4.15	4.11	3.97	537	420	137	43	69	29	46	31	20	15	15	30	16	21	12	19	24	13	10	6	23	2	5	8	8	10	4	6
1101	5.06	4.95	5.16	545	415	133	33	80	33	50	17	16	36	14	39	14	20	7	18	10	17	14	5	15	9	14	7	5	7	2	5
1102	5.91	5.90	5.77	657	507	156	35	104	30	59	17	27	23	18	49	35	20	6	20	38	41	20	3	14	3	4	5	3	9	2	3
1103	5.65	5.62	5.22	275	212	67	15	50	10	29	4	12	12	4	30	17	17	2	3	4	8	7	2	10	4	3	1	1	5	1	0
1104	5.49	5.28	4.79	134	99	33	10	38	4	11	4	7	5	4	4	4	2	2	5	2	3	3	0	4	1	0	1	2	3	4	1
1105	5.61	5.45	5.15	44	33	13	4	4	3	5	2	1	1	0	2	0	1	4	1	1	0	1	2	0	1	2	0	0	1	1	0
1106	8.96	9.12	9.33	27	17	3	0	9	1	6	1	0	1	0	0	0	3	0	1	0	1	0	0	0	0	0	0	0	0	0	0
1107	9.49	9.35	9.82	41	26	11	8	6	0	7	4	1	2	0	2	1	1	0	0	0	0	0	0	1	1	1	0	0	0	1	0
1108	8.85	8.89	8.65	329	249	102	31	27	25	19	24	13	28	15	14	12	10	13	8	4	3	2	3	6	5	11	4	8	1	5	3
1109	8.98	8.94	8.78	284	217	95	27	27	18	17	18	13	12	18	7	20	6	15	7	3	8	7	9	2	3	1	6	4	3	9	4
1110	11.14	10.90	11.40	14	10	5	0	2	3	1	1	0	1	0	0	0	0	0	0	0	0	1	0	0	0	0	1	0	2	0	0
1112	15.00	0	0	1	0	0	0	1	0	0	0	0	0	0	0	0	0	0	0	0	0	0	0	0	0	0	0	0	0	0	0
1120	14.00	14.00	14.00	3	2	2	0	0	1	0	0	0	0	0	0	0	0	0	0	1	0	0	0	0	0	0	0	1	0	0	0
1121	12.00	12.10	13.80	12	10	5	2	1	0	1	1	0	0	0	1	0	0	3	0	0	0	0	1	0	0	0	0	0	0	0	0
1122	12.00	12.00	0	1	1	0	0	0	0	0	0	0	0	0	0	0	0	0	1	0	0	0	0	0	0	0	0	0	0	0	0
1123	12.50	12.50	0	2	2	0	0	2	0	0	0	0	0	0	0	0	0	0	0	0	0	0	0	0	0	0	0	0	0	0	0
1124	11.61	11.30	11.50	18	10	4	2	2	2	2	3	1	0	0	0	0	1	0	0	0	0	0	0	0	1	0	1	0	1	0	0
1125	10.37	10.31	10.36	126	103	50	14	5	15	8	8	7	3	7	2	4	3	6	3	2	3	3	6	0	1	1	0	1	0	0	3
1126	9.40	9.44	9.24	262	209	96	26	16	25	15	18	12	16	12	5	9	10	13	10	4	4	5	6	0	5	4	5	6	2	3	4
1127	8.52	8.47	8.48	225	182	82	21	21	23	9	12	15	12	14	7	8	5	6	5	3	4	7	5	1	1	2	6	5	5	1	4
1128	7.15	7.05	7.61	95	78	23	7	7	2	4	9	7	7	9	2	5	1	3	7	1	0	1	0	2	3	3	1	0	1	3	0
1129	6.21	6.12	6.30	157	125	57	21	8	12	8	10	7	9	9	5	9	5	8	6	0	1	4	6	3	3	4	3	1	2	1	2
1130	6.08	5.94	5.69	103	82	36	12	20	8	5	6	4	7	3	1	4	1	3	2	1	1	4	4	2	1	4	2	2	0	0	0
1131	6.17	6.12	6.26	178	141	74	30	7	20	12	10	11	11	4	5	4	6	4	2	2	4	3	6	1	2	8	3	3	1	1	1
1132	6.77	6.73	6.68	144	106	41	11	15	18	8	7	3	10	2	10	3	8	4	5	2	2	2	2	0	3	7	5	1	3	0	2
1133	5.89	5.79	5.77	272	209	87	29	27	22	17	14	14	16	11	12	8	8	10	4	5	10	6	3	7	5	7	3	3	6	0	4
1134	5.64	5.59	5.68	364	282	99	28	38	32	24	26	13	20	17	18	13	12	12	9	11	4	9	3	2	6	5	6	6	3	1	4
1135	3.71	3.73	4.09	274	215	90	28	29	16	16	19	14	14	7	8	11	8	10	10	9	8	6	10	6	5	2	5	3	4	1	3
1136	4.63	4.56	4.52	687	524	182	49	86	41	52	35	32	27	17	56	20	24	16	24	29	21	17	10	20	10	11	8	6	8	6	8
1137	5.88	5.90	5.62	1434	1105	328	90	223	71	121	61	55	76	32	107	49	57	25	52	61	44	58	14	10	10	27	14	7	30	5	5
1138	6.18	6.12	5.63	935	665	200	59	152	38	93	20	46	26	17	75	43	27	15	24	76	58	42	8	6	7	7	7	4	19	1	5
1139	5.26	5.30	4.88	301	237	78	21	41	18	20	13	23	3	9	27	6	6	3	9	7	8	4	4	10	4	7	8	3	3	1	5
1140	5.54	5.48	5.32	498	383	152	41	52	35	34	28	18	26	25	21	17	20	18	11	14	14	8	6	6	5	8	5	10	4	7	9
1141	6.38	6.40	6.50	13	10	2	0	3	0	3	0	1	0	0	1	0	0	0	0	0	1	0	0	1	0	0	0	0	0	0	0
1142	9.43	9.22	8.67	23	18	9	0	2	3	3	1	1	1	0	0	2	0	3	0	1	1	0	0	0	0	0	1	0	1	1	0
1143	8.50	8.56	8.40	102	84	42	9	5	11	4	6	6	5	5	1	4	2	6	2	1	4	3	0	1	3	1	1	5	1	3	4
1144	8.58	8.53	8.54	427	337	146	36	38	40	28	28	27	15	25	19	15	10	14	10	7	13	6	10	1	4	5	13	4	5	9	8
1145	8.64	8.71	8.47	94	77	38	18	6	3	5	4	6	2	4	1	7	0	1	2	3	2	2	6	0	1	1	0	2	2	2	0
1146	9.43	9.45	8.67	30	22	9	2	4	2	3	2	1	1	1	2	2	1	0	1	0	0	0	0	0	2	2	0	1	0	1	1
1147	10.00	0	0	1	0	0	0	0	0	1	0	0	0	0	0	0	0	0	0	0	0	0	0	0	0	0	0	0	0	0	0
1148	13.00	13.00	0	1	1	0	0	0	0	0	0	0	1	0	0	0	0	0	0	0	0	0	0	0	0	0	0	0	0	0	0
1149	12.00	12.00	0	1	1	0	0	1	0	0	0	0	0	0	0	0	0	0	0	0	0	0	0	0	0	0	0	0	0	0	0
1157	12.00	11.95	11.71	26	19	7	2	3	2	3	2	1	0	0	1	1	1	1	0	0	0	3	1	1	0	0	1	1	0	0	0
1158	11.00	11.00	0	2	2	0	0	0	0	0	0	0	0	0	0	0	0	0	0	0	1	0	0	1	0	0	0	0	0	0	0
1160	12.00	12.22	13.00	11	9	4	0	2	0	2	0	1	1	0	0	1	1	0	1	0	0	0	1	0	0	0	1	0	0	0	0
1161	11.10	11.04	11.11	59	45	18	5	6	7	3	4	3	0	4	1	1	5	3	0	0	1	1	0	0	1	3	2	0	2	0	2
1162	10.06	9.90	9.90	169	136	62	15	15	15	9	11	9	6	8	1	7	2	11	5	5	2	4	9	0	3	1	3	0	1	5	1
1163	9.06	8.92	8.64	281	228	102	30	19	26	16	19	21	17	26	5	10	8	14	4	2	1	6	5	0	5	4	3	10	1	2	3
1164	7.90	7.95	8.19	233	178	81	34	15	18	16	13	9	16	20	7	7	5	7	9	1	2	3	6	4	2	3	0	5	2	6	3
1165	6.60	6.67	6.73	553	416	194	68	34	41	38	28	29	29	29	20	24	14	18	19	14	8	6	22	7	15	14	9	5	4	5	7
1166	6.56	6.72	6.67	39	32	9	3	8	4	1	2	0	4	0	4	1	1	0	0	0	0	0	0	2	1	2	1	0	0	0	0
1167	6.54	6.57	6.00	160	132	60	18	18	10	6	11	8	10	12	7	8	3	6	3	0	3	3	3	0	1	1	3	2	1	2	2
1168	7.25	7.19	6.66	291	225	86	40	17	18	28	15	20	15	21	13	8	5	13	8	8	2	3	6	1	3	0	4	4	0	2	4
1169	7.27	7.20	6.96	371	282	112	36	43	27	28	26	15	15	19	18	15	11	12	14	10	12	2	5	1	10	7	2	2	4	3	4
1170	6.53	6.49	6.51	605	479	188	66	50	44	40	41	28	41	15	24	16	22	19	21	12	15	7	11	9	12	18	6	5	7	3	4
1171	5.47	5.43	5.36	526	406	173	47	61	53	46	27	16	19	26	23	11	18	12	16	11	11	11	12	7	10	4	10	11	6	6	4
1172	5.46	5.45	5.49	804	603	230	80	88	58	64	42	37	31	25	46	29	25	19	21	31	26	7	11	19	11	17	12	11	15	7	4
1173	5.71	5.68	5.65	745	561	171	38	103	33	65	27	34	33	16	57	33	26	14	33	25	33	22	5	18	6	13	15	5	21	5	7
1174	5.82	5.77	5.60	1046	794	268	74	142	49	74	37	30	50	17	70	49	46	19	57	53	41	26	4	12	11	16	21	11	32	3	10
1175	5.40	5.39	5.26	613	463	151	44	73	27	65	28	27	23	12	46	29	27	7	15	15	22	13	5	15	11	9	14	6	17	2	2
1176	4.90	4.78	4.37	764	581	225	76	81	54	60	36	38	28	31	36	30	27	19	27	19	18	16	9	20	14	17	10	8	10	10	8
1177	5.53	5.54	5.05	356	266	118	32	64	27	27	14	10	10	12	18	21	5	11	9	9	13	9	9	5	5	7	1	3	1	4	2
1178	6.88	6.84	5.86	25	19	7	1	4	0	3	0	0	0	0	0	1	0	3	6	0	1	0	0	2	0	0	0	0	0	1	0
1179	8.38	8.00	7.67	13	11	3	2	1	0	1	1	0	0	1	0	2	0	0	0	0	1	1	0	2	0	0	0	0	0	0	0
1180	7.61	7.56	7.69	115	91	45	19	15	12	3	4	6	8	5	4	2	3	2	2	4	2	1	0	4	2	4	2	0	4	2	0
1181	8.33	8.19	8.10	497	338	155	73	32	37	72	22	16	21	32	9	17	13	11	13	5	8	15	12	4	26	5	6	5	3	2	7
1182	8.82	8.80	9.16	179	147	74	25	14	23	5	9	9	12	8	9	4	3	8	3	3	1	1	2	2	3	5	2	2	0	5	1
1183	9.18	9.29	9.15	49	42	26	6	2	7	6	2	2	3	2	1	3	2	0	0	1	0	1	2	1	0	1	0	0	1	0	2
1184	10.50	10.50	0	2	2	0	0	0	0	0	0	0	0	0	1	0	0	0	0	0	0	0	0	1	0	0	0	0	0	0	0
1186	0.00	0.00	0	1	1	0	0	0	0	0	0	0	0	0	0	0	0	0	0	0	0	0	0	0	0	0	0	0	0	0	0
1193	14.00	14.00	0	1	1	0	0	0	0	0	0	0	0	0	0	0	0	0	0	0	0	0	0	1	0	0	0	0	0	0	0
1194	13.00	13.00	0	1	1	0	0	0	0	0	0	0	0	0	0	0	0	0	0	0	0	0	0	0	0	0	0	0	0	0	0
1195	8.88	10.00	9.60	8	6	5	0	0	0	1	0	0	0	0	0	2	1	0	0	0	0	0	1	0	0	0	0	1	0	0	0
1196	12.50	12.50	15.00	2	2	1	1	0	0	0	0	0	0	0	1	0	0	0	0	0	0	0	0	0	0	0	0	0	0	0	0
1197	11.00	10.75	11.00	5	4	2	0	0	1	1	0	0	1	0	0	1	1	0	0	0	0	0	0	0	0	0	0	0	0	0	0
1198	9.73	9.85	10.22	15	13	9	3	1	3	0	0	0	0	1	0	0	0	1	0	0	0	1	3	0	0	0	0	0	1	0	0
1199	8.22	8.29	7.97	296	228	103	52	30	28	19	18	16	9	16	5	10	7	11	5	5	7	4	6	0	9	2	6	6	2	1	3
1200	7.07	7.12	7.32	324	257	120	40	23	35	30	20	29	15	14	11	15	5	6	11	2	2	1	12	3	6	9	2	1	1	1	1
1201	6.14	6.11	6.73	119	92	33	12	7	10	10	5	12	8	15	3	4	6	0	1	1	1	3	2	2	4	0	3	1	2	0	0
1202	6.64	6.58	6.95	44	38	19	7	2	5	1	0	2	2	1	0	1	1	2	3	0	1	1	0	3	1	2	0	0	1	1	0
1203	6.77	6.67	6.41	311	243	111	50	18	30	23	19	21	13	19	10	13	7	5	4	4	10	5	8	6	7	4	2	2	3	2	4
1204	7.18	7.09	6.64	375	297	130	36	36	31	38	16	19	15	18	26	16	9	16	2	6	11	7	5	1	6	9	6	1	8	5	3
1205	7.22	7.21	7.00	459	353	144	45	45	37	28	32	27	21	19	16	13	15	22	17	13	5	3	9	5	7	7	7	4	0	7	2
1206	5.88	5.90	5.88	494	375	151	42	41	34	38	26	20	31	16	19	13	16	17	18	16	13	6	14	7	5	13	12	4	8	5	8
1207	5.91	5.89	5.99	480	359	151	42	54	41	45	23	26	14	27	15	13	13	16	15	8	13	8	11	8	13	7	12	8	3	3	6
1208	5.77	5.72	5.79	884	651	263	95	111	66	72	26	35	35	21	32	31	19	19	33	41	45	20	17	10	12	7	12	12	8	9	7
1209	5.92	5.93	5.70	572	439	161	37	64	37	46	27	30	36	10	30	27	19	13	26	24	12	13	13	8	6	16	5	3	8	6	9
1210	6.27	6.27	6.08	546	438	162	36	60	47	49	24	26	28	11	25	23	20	15	36	18	18	9	7	15	0	4	4	7	8	5	2
1211	5.96	6.01	5.75	273	208	77	24	34	24	20	9	8	10	6	14	8	9	7	12	16	8	4	6	7	1	6	1	4	6	4	2
1212	5.29	5.33	5.16	290	228	100	27	26	20	23	18	12	12	5	11	13	12	9	4	14	10	6	4	7	5	4	3	5	3	2	8
1213	5.77	5.72	5.41	341	260	87	23	48	13	19	10	20	11	6	15	20	15	5	28	26	13	3	1	14	0	2	5	6	9	4	2
1214	7.00	6.89	6.86	35	27	7	2	2	3	4	2	0	1	1	1	1	1	2	4	1	0	0	1	2	0	1	0	0	1	1	0
1215	7.04	7.14	6.76	121	100	51	17	6	8	9	9	6	10	2	5	6	2	7	3	2	2	1	0	3	1	2	2	1	0	3	2
1216	7.23	7.23	7.17	208	164	77	34	26	10	18	18	11	14	8	5	10	6	3	0	0	1	4	6	1	6	0	3	4	0	2	2
1217	7.58	7.42	7.40	43	38	25	6	4	5	2	3	0	4	0	3	2	2	5	0	0	0	0	1	1	0	1	0	1	1	0	0
1218	8.37	8.37	10.00	19	19	5	1	1	1	1	2	1	0	2	1	0	2	1	0	0	0	0	1	0	0	0	0	0	2	1	0
1219	8.84	8.81	8.80	37	31	15	7	4	1	1	0	1	4	2	3	0	2	0	3	1	0	0	0	0	0	1	0	0	1	1	1
1220	8.50	8.50	8.00	2	2	1	0	1	0	1	0	0	0	0	0	0	0	0	0	0	0	0	0	0	0	0	0	0	0	0	0
1231	11.30	11.11	8.50	10	9	4	2	4	0	1	2	0	0	0	0	0	0	0	0	0	0	0	1	0	0	0	0	0	0	0	0
1232	12.67	12.67	11.00	9	9	4	0	1	0	2	1	0	2	1	0	1	0	0	0	0	0	0	0	0	0	0	0	0	0	0	0
1234	9.75	9.53	9.44	61	47	25	14	5	4	1	2	6	2	2	2	3	1	2	2	2	0	0	2	0	1	1	0	2	0	0	1
1235	8.63	8.63	8.76	231	177	85	27	13	26	20	13	10	12	13	6	12	4	6	7	6	3	5	3	3	1	0	3	7	1	1	5
1236	7.60	7.60	7.77	156	117	53	14	17	15	7	6	8	3	9	4	6	1	7	4	7	2	6	3	3	7	3	1	0	4	2	1
1237	7.30	7.26	7.34	454	336	149	59	26	38	50	18	25	24	31	11	15	18	12	7	5	5	12	12	4	9	16	11	3	1	1	4
1238	6.62	6.55	6.17	212	169	81	34	13	14	11	8	18	8	12	7	10	4	1	7	3	3	7	7	2	5	4	2	2	3	4	4
1239	6.95	6.95	7.12	164	130	50	11	9	18	4	11	16	6	5	11	4	7	2	4	1	2	3	3	4	4	18	2	0	1	0	1
1240	7.09	6.97	6.61	593	466	179	55	52	38	43	36	30	37	24	45	18	22	15	15	10	9	8	14	7	14	24	9	5	5	4	6
1241	7.54	7.38	6.84	256	200	96	28	27	18	17	16	13	20	9	7	10	9	9	6	0	4	8	3	2	9	3	6	7	0	3	3
1242	6.80	6.72	6.40	575	442	192	82	50	42	43	33	17	33	27	19	20	20	12	15	11	12	17	11	5	13	7	9	11	4	6	5
1243	5.46	5.47	5.79	617	491	192	63	48	58	56	37	36	31	45	16	15	22	16	12	17	12	15	13	6	5	11	9	6	4	5	7
1244	5.39	5.37	5.47	517	380	116	39	76	42	48	23	23	7	24	21	16	20	11	22	11	15	12	8	10	7	6	7	6	7	6	1
1245	5.51	5.52	5.46	825	615	249	70	92	68	90	37	39	29	30	24	17	29	29	22	19	26	21	21	14	12	13	6	9	10	14	9
1246	5.62	5.54	5.41	837	643	273	57	89	75	52	37	31	37	23	30	30	32	23	35	40	35	11	10	10	8	9	13	18	10	16	13
1247	6.93	6.95	6.93	425	344	136	52	39	39	24	26	19	22	14	30	5	12	20	7	10	8	9	11	1	3	1	6	5	10	3	2
1248	5.95	5.88	5.54	333	263	101	48	21	19	14	22	18	19	15	12	13	12	12	8	8	8	10	6	5	7	2	4	3	10	0	1
1249	6.12	6.13	6.08	659	501	217	75	43	73	32	38	31	25	20	19	21	30	14	15	21	20	14	16	5	7	8	17	12	15	11	9
1250	7.07	7.13	6.63	88	63	27	5	11	4	7	4	1	9	1	2	3	5	3	3	2	3	1	1	0	3	0	2	3	1	0	2
1251	7.12	6.89	7.02	138	106	48	16	22	10	9	5	7	4	5	4	11	5	0	1	1	3	2	1	3	3	2	4	2	2	3	2
1252	6.76	6.82	6.68	465	351	150	59	42	36	41	29	22	12	14	23	21	19	13	13	6	10	9	13	8	11	7	9	4	6	4	6
1253	6.65	6.69	6.60	188	140	63	15	17	9	26	8	4	7	9	5	12	5	5	5	4	8	6	5	5	3	6	2	0	2	0	4
1254	7.54	7.26	7.08	57	46	24	10	2	2	4	4	1	1	5	2	4	3	2	0	2	1	1	1	1	1	2	2	0	0	0	0
1255	7.98	7.98	7.77	62	46	22	10	4	2	4	4	3	4	2	2	0	1	3	6	0	4	0	2	2	1	1	1	1	0	0	0
1256	8.33	8.36	9.00	12	11	3	0	0	2	1	0	3	0	0	0	1	0	0	0	0	0	1	0	0	1	0	0	0	1	0	0
1259	11.00	11.00	0	1	1	0	0	0	0	0	0	0	0	0	0	0	0	0	0	0	0	0	0	1	0	0	0	0	0	0	0
1266	15.00	15.00	17.00	2	2	1	0	0	0	0	1	0	0	0	0	0	0	0	0	0	0	0	0	1	0	0	0	0	0	0	0
1267	11.67	11.67	12.00	3	3	2	2	0	0	0	0	1	0	0	0	0	0	0	0	0	0	0	0	0	0	0	0	0	0	0	0
1268	10.67	12.00	10.00	3	2	1	1	1	0	0	0	0	0	0	0	0	0	0	0	0	0	0	0	0	0	1	0	0	0	0	0
1269	9.84	9.78	9.82	83	69	39	8	5	6	4	2	4	6	2	2	6	0	2	1	4	8	0	2	1	1	1	1	2	2	1	0
1270	8.95	8.99	8.33	131	107	58	25	7	6	6	7	6	3	5	7	7	3	5	2	5	2	2	1	4	3	6	3	2	0	1	4
1271	8.84	9.15	8.85	62	48	13	4	4	4	1	6	4	1	2	4	2	4	2	0	3	4	4	0	3	0	0	2	2	0	2	0
1272	7.87	7.84	7.77	233	176	79	25	15	20	17	9	12	13	15	6	6	11	7	5	3	2	3	7	0	4	9	2	6	4	3	4
1273	6.20	6.47	6.50	49	36	16	6	5	4	5	2	1	2	1	3	3	0	2	4	1	0	0	0	3	1	0	0	0	3	0	1
1274	6.63	6.62	7.00	32	21	9	1	2	0	4	1	2	3	2	2	1	1	0	1	1	0	0	0	1	5	0	0	1	0	1	0
1275	7.32	7.13	6.80	253	195	92	35	17	26	21	9	7	13	10	11	11	8	8	9	5	5	4	4	3	7	6	2	6	5	2	2
1276	7.55	7.50	6.94	264	212	87	22	16	19	14	17	12	18	6	12	15	9	9	8	8	6	5	5	6	4	5	8	2	2	3	2
1277	7.23	7.17	6.81	75	53	26	7	5	10	10	2	4	6	2	1	2	3	2	0	1	4	1	1	1	0	1	0	1	1	3	2
1278	4.99	5.01	5.06	210	169	85	33	25	13	9	3	14	11	8	5	8	3	8	3	4	7	8	10	1	2	2	2	4	2	2	5
1279	4.61	4.55	4.70	730	532	210	66	71	56	61	49	40	20	34	24	26	12	32	21	17	26	13	7	10	12	14	13	14	7	6	15
1280	4.92	4.90	5.08	701	538	217	78	60	57	62	37	32	33	36	32	17	19	18	17	11	18	20	10	9	18	7	8	13	9	9	11
1281	4.98	4.91	4.86	680	537	177	38	62	56	48	26	28	31	30	34	15	30	16	58	22	24	5	18	16	6	7	7	9	8	4	9
1282	6.02	6.05	6.07	390	309	134	36	34	37	24	21	15	25	18	17	14	15	18	6	6	14	4	4	4	3	2	6	7	2	6	3
1283	7.66	7.54	7.31	184	142	62	24	22	15	15	10	9	10	4	10	5	6	2	4	0	3	1	3	3	6	1	1	5	0	1	2
1284	6.28	6.29	6.15	109	84	40	11	9	11	2	7	4	5	3	1	5	2	5	6	1	4	0	3	4	3	0	2	2	2	4	2
1285	7.62	7.25	6.67	13	12	6	1	1	1	1	0	0	1	0	0	1	0	0	0	0	0	0	1	2	0	0	0	0	2	0	0
1286	5.65	5.74	5.79	150	117	48	15	13	2	13	2	6	7	10	5	9	9	2	5	1	8	3	4	5	1	1	3	2	5	2	2
1287	5.97	5.86	5.59	277	219	81	20	41	18	16	15	12	13	6	15	9	10	9	16	7	11	3	3	2	3	5	2	4	4	0	5
1288	6.10	6.09	5.87	257	203	77	30	18	20	18	23	18	9	10	6	11	10	5	7	2	1	3	6	2	11	0	5	3	2	4	3
1289	6.29	6.21	5.58	31	24	12	3	2	2	3	2	2	1	2	1	1	0	1	1	0	0	2	1	0	5	1	0	0	0	1	0
1290	8.00	8.00	0	2	2	0	0	0	0	0	0	0	0	1	0	0	1	0	0	0	0	0	0	0	0	0	0	0	0	0	0
1303	13.00	13.00	0	2	1	0	0	0	0	0	0	0	0	1	0	0	0	0	0	0	0	0	0	1	0	0	0	0	0	0	0
1304	10.57	10.26	10.17	42	31	12	5	9	1	1	5	1	4	4	2	1	0	1	0	1	0	0	1	1	1	0	1	0	0	0	0
1305	9.46	9.38	8.93	54	47	14	5	7	2	3	3	2	1	6	0	2	1	4	6	0	0	3	0	1	1	0	0	0	2	0	0
1306	8.99	8.84	8.97	108	73	32	17	7	10	4	4	5	2	2	4	2	6	3	0	6	5	3	1	5	3	1	2	1	2	3	0
1307	8.74	8.30	8.36	62	46	25	11	1	5	5	3	3	7	1	0	0	1	1	2	2	1	1	2	4	2	2	0	1	2	1	0
1308	8.62	8.61	7.97	73	61	31	7	4	9	3	6	3	5	1	3	3	6	2	1	2	1	2	0	2	2	1	1	3	0	2	1
1309	9.18	8.78	8.67	11	9	6	0	1	2	0	0	0	1	0	1	0	1	2	0	0	0	0	0	0	1	0	0	1	0	0	0
1311	6.50	6.63	6.00	10	8	3	0	2	0	3	0	2	1	0	0	0	0	0	0	0	0	0	0	2	0	0	0	0	0	0	0
1312	7.82	7.82	7.56	114	94	43	20	6	8	8	8	1	4	5	4	3	3	2	7	1	1	2	6	1	1	0	3	2	4	3	2
1313	7.80	7.68	7.65	81	66	23	10	14	4	3	5	2	3	5	4	3	6	3	1	1	4	0	1	2	0	0	0	2	1	2	1
1314	6.77	6.71	6.53	164	118	45	14	25	10	10	4	11	4	15	4	11	4	2	1	7	2	2	4	8	1	1	2	3	2	1	2
1315	5.24	5.30	5.67	272	199	82	32	28	16	13	12	14	12	12	9	7	11	11	9	10	7	2	8	8	2	4	2	7	4	4	3
1316	4.35	4.34	4.41	519	415	150	57	59	36	40	23	35	25	29	28	16	15	15	16	11	8	14	15	6	2	6	6	3	3	1	3
1317	5.12	5.17	5.00	310	230	79	28	37	22	27	11	21	13	10	18	15	15	4	6	8	7	5	9	3	6	6	3	4	5	1	1
1318	5.57	5.66	5.75	423	343	137	34	32	42	26	21	19	29	15	23	11	13	14	10	10	8	9	9	12	3	6	5	8	9	7	5
1319	6.04	6.07	6.15	473	361	153	51	38	30	37	23	23	30	17	20	12	17	14	14	15	12	8	15	13	9	1	6	5	2	2	5
1320	7.82	7.75	7.53	171	142	58	19	16	14	6	5	14	6	12	9	11	3	4	5	6	6	1	4	7	0	1	4	2	2	1	0
1321	7.07	7.01	6.96	224	162	55	17	29	9	25	6	12	6	4	5	13	10	2	14	12	4	10	5	9	0	3	6	1	7	0	2
1322	5.67	5.80	5.89	320	238	74	18	42	19	29	22	16	13	21	13	12	11	7	16	8	5	6	4	8	4	1	8	2	4	1	4
1323	5.99	6.00	6.20	157	117	45	8	18	12	6	13	6	6	7	6	8	5	4	6	2	3	6	2	3	1	2	6	2	2	4	2
1324	5.71	5.72	5.25	353	268	104	34	30	27	37	22	15	10	25	14	15	13	12	10	5	2	6	5	6	5	9	6	6	3	5	2
1325	5.92	5.87	5.70	371	285	132	60	28	26	24	18	23	23	23	9	12	8	11	6	3	3	6	8	0	10	5	9	6	4	6	5
1326	6.29	6.25	4.93	63	51	14	8	8	1	6	8	5	2	4	0	1	7	0	1	0	0	2	3	0	1	1	0	0	0	0	0
1327	8.08	7.73	8.33	12	11	3	0	2	0	0	3	0	0	1	0	0	1	1	0	0	0	0	2	0	0	0	0	0	0	0	0
1340	11.20	11.78	12.00	10	9	3	0	1	1	0	0	0	1	1	1	0	1	1	0	0	0	0	1	0	0	0	0	0	0	1	0
1341	7.00	7.00	6.00	4	2	1	1	1	0	0	0	0	0	0	0	0	0	0	0	0	0	0	0	2	0	0	0	0	0	0	0
1342	9.09	8.58	8.44	44	36	16	2	10	4	2	1	2	1	0	2	2	1	1	0	2	0	0	1	1	1	2	1	0	2	1	1
1343	8.50	8.38	7.95	76	55	22	7	12	5	5	2	3	2	4	4	3	2	4	4	1	1	1	3	2	1	1	2	2	1	0	2
1344	9.00	9.25	7.00	5	4	3	1	0	1	1	0	0	0	0	0	0	1	0	0	0	0	0	0	0	1	0	0	0	0	0	0
1345	6.25	5.20	8.00	8	5	1	1	5	0	0	0	0	0	0	1	0	0	0	0	0	0	0	0	0	0	1	0	0	0	0	0
1346	6.86	7.03	6.77	153	119	53	14	18	17	13	10	6	10	7	5	3	5	2	3	8	3	2	4	0	2	1	2	2	3	1	2
1347	7.16	7.03	6.74	102	73	35	10	10	13	10	7	2	8	4	5	4	3	2	1	0	2	3	2	1	3	1	1	0	1	0	2
1348	7.07	6.93	6.47	243	182	79	28	18	13	29	19	10	13	11	3	6	5	9	4	0	7	8	8	3	4	5	5	3	3	2	5
1349	7.13	7.16	7.54	82	68	35	10	11	2	2	2	1	3	6	2	4	2	4	2	3	2	3	1	7	1	0	2	1	1	1	2
1350	6.76	6.84	6.90	50	45	20	6	3	0	4	4	3	5	2	2	2	2	1	2	2	1	0	0	1	0	1	0	1	0	0	1
1351	5.37	5.42	5.74	334	248	88	29	60	27	26	20	11	9	18	12	8	6	10	11	10	6	6	6	2	7	5	1	7	3	1	4
1352	4.86	4.82	5.01	312	237	82	23	37	24	36	14	9	15	10	16	5	10	10	13	5	8	9	6	4	3	3	4	1	5	4	6
1353	5.42	5.36	5.36	98	73	28	10	17	5	15	3	5	6	5	3	4	5	1	2	0	0	2	3	0	1	2	0	1	0	0	1
1354	6.47	6.41	6.23	343	271	114	48	29	28	29	25	13	21	24	5	11	9	7	7	4	5	12	11	3	3	2	4	7	3	1	4
1355	7.15	7.02	6.34	199	151	58	26	31	13	17	16	8	4	10	3	6	6	4	3	5	3	4	3	2	0	0	5	4	3	2	2
1356	7.48	7.36	7.31	390	302	102	33	48	23	29	22	14	13	12	13	15	12	3	16	19	21	11	8	8	4	2	5	3	5	7	4
1357	7.25	7.30	7.48	293	230	90	21	16	22	20	13	19	8	20	6	10	10	12	11	11	9	5	4	7	3	2	8	7	1	6	5
1358	6.34	6.43	6.28	144	107	39	9	18	14	12	8	9	11	7	4	3	7	1	6	2	6	0	0	4	3	3	2	0	3	1	3
1359	5.70	5.79	5.33	149	112	39	16	21	11	13	9	13	5	12	3	2	7	3	1	0	3	3	3	2	2	1	2	0	1	4	0
1360	5.07	5.03	4.89	488	376	164	43	46	26	34	32	25	29	22	16	30	14	18	14	13	6	5	9	3	14	8	8	7	6	7	4
1361	5.38	5.30	5.35	156	127	63	17	14	12	12	8	7	10	4	6	8	1	4	4	0	2	7	4	2	8	1	0	3	3	4	1
1362	6.42	6.34	6.56	65	53	27	10	4	6	2	2	2	7	3	2	1	1	2	2	1	0	1	3	0	1	1	0	2	0	1	0
1363	7.23	7.33	6.50	13	9	4	4	0	0	0	0	0	1	1	1	0	0	1	0	0	0	0	0	0	1	2	0	0	0	1	0
1365	7.47	7.50	6.80	19	18	5	2	5	0	1	3	0	0	2	0	0	1	2	0	0	0	0	0	0	0	0	0	0	0	0	0
1366	6.92	7.00	0	13	8	0	1	1	0	2	0	3	0	2	0	0	1	0	0	0	1	0	0	0	0	0	0	0	0	0	1
1376	12.00	12.00	0	1	1	0	0	0	0	0	0	0	0	1	0	0	0	0	0	0	0	0	0	0	0	0	0	0	0	0	0
1377	7.60	8.18	8.67	15	11	3	0	1	0	0	1	1	0	0	1	0	0	0	0	0	1	0	1	3	0	0	0	0	2	0	1
1378	10.50	10.24	10.38	20	17	8	4	1	1	1	5	0	1	2	1	1	0	1	0	1	1	0	0	0	0	0	0	0	0	0	0
1379	8.68	8.54	7.47	66	50	19	8	6	3	5	3	2	4	3	5	2	2	2	0	2	0	2	2	1	1	1	1	0	2	1	0
1380	7.81	7.67	7.78	78	60	27	7	8	4	7	2	4	5	2	4	6	4	2	0	0	1	1	1	1	1	3	1	1	2	2	1
1381	7.25	7.29	7.11	244	184	72	31	16	18	13	15	18	10	12	7	8	3	2	4	5	7	3	6	2	9	11	1	1	3	7	3
1382	6.95	6.84	6.91	426	319	128	43	34	32	34	31	12	25	22	24	14	14	11	11	9	5	9	10	6	9	12	5	1	5	2	6
1383	6.88	6.88	6.44	144	111	48	20	10	5	12	12	7	11	7	3	6	6	1	6	3	2	2	2	4	4	2	5	0	0	1	5
1384	6.72	6.76	6.71	490	378	151	62	28	37	33	37	23	33	11	15	15	17	4	22	6	10	10	12	5	8	21	7	3	7	2	7
1385	7.28	7.25	7.22	309	240	88	29	29	18	20	22	21	12	19	9	10	14	8	15	4	10	3	7	2	4	6	4	1	4	6	5
1386	7.97	7.91	8.05	151	127	64	17	14	21	11	7	5	6	10	5	8	3	5	8	1	4	5	3	2	2	1	0	2	0	2	1
1387	6.49	6.77	5.95	84	61	19	6	12	2	12	7	4	1	3	2	6	0	0	2	3	2	1	3	1	3	2	1	2	0	0	1
1388	5.87	5.87	6.13	502	369	134	40	43	31	48	32	22	17	22	26	20	15	23	15	11	19	8	5	5	15	8	9	9	9	7	6
1389	6.14	6.02	5.82	232	184	68	17	19	15	13	14	16	4	10	11	8	8	7	6	7	4	3	4	2	10	5	3	1	7	3	3
1390	7.11	6.91	6.93	125	96	46	14	9	13	8	8	1	5	8	1	5	1	4	5	4	1	2	4	1	0	1	5	2	3	3	0
1391	7.51	7.49	7.65	429	335	154	39	34	48	26	34	15	21	17	12	19	6	13	22	3	7	6	10	5	9	11	3	12	4	5	1
1392	7.95	8.01	7.92	338	244	92	31	51	23	22	15	17	13	17	5	8	11	12	11	15	6	6	2	12	7	5	5	3	2	3	3
1393	7.69	7.60	7.47	531	404	165	58	60	36	48	27	29	24	19	16	18	20	21	18	9	13	15	12	7	5	3	8	5	6	12	5
1394	7.52	7.41	7.90	66	49	20	9	23	4	3	1	2	2	1	2	2	2	0	1	2	0	1	0	0	0	0	0	3	1	1	2
1395	5.32	5.15	5.03	278	211	89	34	21	19	21	24	23	13	12	8	3	7	10	5	1	2	5	7	0	7	5	1	6	3	4	7
1396	3.88	3.87	3.64	561	435	182	58	37	48	28	36	29	36	25	28	22	20	12	21	11	8	8	14	9	9	17	8	7	6	4	6
1397	3.27	3.36	3.72	241	194	85	33	13	28	2	8	24	20	10	12	1	2	5	5	2	2	2	8	2	3	14	7	1	4	3	1
1398	5.38	5.60	5.75	8	5	4	2	0	1	1	0	0	0	0	0	1	1	0	0	0	0	0	0	0	0	0	0	1	0	0	0
1399	6.95	7.11	7.00	83	63	30	12	12	8	9	1	5	4	3	2	1	1	4	2	2	1	1	2	2	1	0	0	0	0	0	0
1400	5.71	5.83	5.86	14	12	7	4	0	1	1	1	1	0	0	0	0	0	0	0	0	1	0	0	2	0	0	0	0	0	0	1
1401	6.82	6.90	6.60	11	10	5	1	0	2	1	0	1	0	0	0	2	0	0	0	1	0	0	0	1	0	0	1	0	0	0	0
1402	6.86	6.82	6.70	21	17	10	1	3	3	1	0	0	2	0	1	1	0	3	1	0	0	1	0	2	0	0	1	0	0	0	0
1403	7.67	7.50	8.00	3	2	1	1	0	0	0	0	0	0	0	0	0	0	0	1	0	0	0	0	0	1	0	0	0	0	0	0
1413	9.00	9.00	9.00	2	2	2	0	0	0	0	0	0	1	0	0	0	0	0	0	0	0	0	0	1	0	0	0	0	0	0	0
1414	9.13	9.14	6.75	8	7	4	1	0	0	1	1	0	0	0	2	0	0	1	0	0	0	0	2	0	0	0	0	0	0	0	0
1415	7.75	7.86	8.33	12	7	3	1	1	0	0	0	0	1	1	1	0	0	0	0	1	2	0	0	1	0	2	0	1	0	0	0
1416	7.70	7.54	7.48	202	160	75	17	23	23	7	12	8	9	8	8	8	8	5	3	10	7	2	2	0	2	5	6	6	6	2	4
1417	6.69	6.70	6.73	191	148	51	16	24	13	16	8	10	8	8	13	11	6	2	2	1	4	4	4	4	4	3	4	1	5	3	0
1418	5.87	5.85	6.26	122	99	38	10	13	16	10	2	5	2	8	5	5	7	3	5	4	3	4	2	1	3	1	1	1	3	0	0
1419	6.55	6.51	6.16	136	107	44	19	14	8	5	11	10	7	5	4	6	6	3	2	5	4	1	3	0	1	3	4	4	1	1	1
1420	7.34	7.27	7.37	124	95	46	26	8	6	10	7	5	8	7	2	6	3	2	2	0	1	4	4	1	0	2	3	3	3	5	1
1421	8.22	8.31	8.35	518	393	168	64	38	56	42	23	25	27	28	18	15	10	17	8	7	3	19	14	1	9	16	3	8	9	5	6
1422	7.99	8.06	7.51	168	118	47	18	17	14	18	9	6	9	7	2	4	4	7	4	2	2	1	4	1	4	0	5	4	1	1	5
1423	7.04	7.03	7.11	370	280	94	34	48	22	31	23	13	19	18	15	15	5	13	16	8	7	6	5	5	4	11	6	5	6	2	2
1424	6.77	6.87	6.84	377	296	124	48	38	30	20	22	22	18	21	15	6	14	15	11	6	8	5	7	2	11	9	4	2	3	5	4
1425	7.29	7.29	7.35	428	335	144	59	26	36	33	31	20	21	27	19	14	11	12	6	2	7	7	13	3	16	6	3	4	4	5	2
1426	8.00	7.96	7.83	441	322	128	54	31	19	40	30	19	10	37	9	16	11	15	11	2	6	13	16	5	14	5	13	7	3	3	5
1427	8.01	8.00	8.05	183	136	58	18	18	14	14	5	12	5	8	4	10	7	5	3	5	4	3	4	4	8	5	4	1	5	3	1
1428	7.37	7.38	7.43	167	128	58	11	14	11	13	4	10	5	4	8	9	6	2	3	9	7	2	11	5	2	3	3	0	3	4	3
1429	7.35	7.32	7.23	457	346	147	53	38	37	25	16	22	25	12	18	19	16	4	13	10	9	3	15	5	7	32	7	6	8	4	4
1430	5.87	5.84	6.09	203	166	70	26	13	11	9	11	11	8	16	7	7	5	6	5	7	2	4	5	6	1	6	5	2	1	5	4
1431	5.12	5.08	4.76	574	459	168	58	56	39	40	38	39	25	36	16	22	17	11	17	18	9	12	10	8	8	11	14	8	7	6	6
1432	4.58	4.52	4.50	186	145	52	20	23	10	13	11	16	8	12	4	5	6	7	2	1	2	5	8	0	7	4	2	3	1	1	2
1433	5.93	5.42	3.75	27	19	4	3	4	0	4	0	2	0	0	3	1	1	0	1	1	0	0	0	5	0	0	0	0	1	0	0
1434	4.78	5.00	4.00	9	8	1	0	2	0	0	0	1	0	0	1	1	0	0	0	0	0	0	0	3	0	0	0	0	1	0	0
1435	5.55	4.86	4.50	11	7	4	1	0	1	0	1	0	0	0	0	0	0	0	1	0	0	0	0	7	0	0	0	0	0	0	0
1448	12.50	12.00	0	2	1	0	0	0	0	0	1	0	0	0	0	0	0	0	0	0	0	0	0	0	0	0	0	1	0	0	0
1449	11.17	10.40	11.33	6	5	3	1	0	1	1	2	0	0	0	0	0	0	0	0	0	0	0	0	0	0	0	0	0	0	0	0
1450	7.00	0	0	1	0	0	0	1	0	0	0	0	0	0	0	0	0	0	0	0	0	0	0	0	0	0	0	0	0	0	0
1451	8.00	8.00	7.75	7	7	4	3	0	0	0	0	0	0	0	0	1	1	0	0	0	0	0	0	2	0	0	0	0	0	0	0
1452	6.57	6.86	6.33	21	14	6	1	3	3	3	0	1	2	0	0	0	0	0	0	0	0	1	0	2	2	1	0	0	0	0	0
1453	7.02	7.50	7.40	122	88	40	7	6	13	13	8	3	5	7	2	4	2	4	0	4	2	2	3	14	5	2	2	1	2	3	0
1454	5.70	5.60	5.27	260	214	84	28	22	27	12	13	14	13	8	16	10	7	4	13	7	6	11	1	8	6	3	3	2	3	2	2
1455	5.70	5.49	5.41	564	406	163	69	63	65	57	24	58	18	61	6	11	10	12	7	0	3	16	6	3	13	4	17	5	6	1	7
1456	7.71	7.58	5.80	14	12	5	1	1	0	1	1	0	1	0	0	2	0	1	0	0	0	0	0	0	0	0	0	0	0	0	0
1457	8.62	8.69	8.89	349	261	104	41	21	38	32	19	23	18	25	11	12	9	10	4	3	4	15	7	1	6	3	8	4	1	4	3
1458	8.57	8.45	8.29	431	320	138	37	32	44	48	23	20	16	25	12	18	14	14	9	9	6	8	10	6	17	4	10	5	2	5	4
1459	7.87	7.68	7.72	250	179	75	23	28	16	25	18	7	3	12	7	11	8	6	8	4	6	6	5	5	6	10	5	2	2	2	5
1460	7.47	7.41	7.61	403	312	119	33	36	28	35	22	25	19	15	24	16	8	8	18	9	7	12	7	5	5	7	15	2	6	3	5
1461	7.46	7.47	7.69	513	391	169	63	36	48	31	25	37	22	22	16	18	14	18	10	7	10	10	17	10	6	7	6	6	5	5	11
1462	8.63	8.55	8.60	515	371	152	64	42	40	53	32	31	27	37	12	14	11	7	5	3	9	17	18	2	16	7	7	12	4	0	7
1463	8.49	8.55	8.76	88	73	25	8	18	10	2	4	5	5	1	1	0	4	1	4	7	2	1	2	1	0	0	2	0	0	1	1
1464	7.41	7.53	6.93	123	95	43	17	21	11	4	5	4	3	4	2	5	2	2	6	3	4	2	2	3	1	3	0	0	1	5	0
1465	7.32	7.32	7.32	255	192	99	33	22	21	24	6	16	10	2	8	6	9	8	7	10	8	2	10	5	5	4	0	8	4	2	1
1466	6.77	6.61	6.50	209	165	68	14	23	20	21	6	11	10	6	9	10	10	8	4	4	7	4	1	4	2	2	2	0	0	3	2
1467	5.42	5.35	5.49	236	192	77	25	13	22	17	15	19	5	8	7	12	7	5	9	2	1	9	5	7	8	0	2	2	7	3	3
1468	4.71	4.69	4.64	199	159	66	26	14	12	6	9	14	13	13	4	1	8	14	2	1	2	4	4	5	4	0	1	1	6	4	4
1469	6.52	6.48	6.06	225	164	64	24	45	10	24	11	10	5	8	3	11	5	8	6	5	3	4	2	6	1	2	2	4	5	0	4
1470	7.20	7.18	7.10	335	255	125	40	30	32	20	12	19	16	7	8	14	13	14	6	7	4	4	5	6	10	5	7	6	4	6	6
1471	6.53	6.33	5.33	36	27	6	2	3	2	7	2	2	0	2	4	0	2	0	0	2	0	1	0	3	0	0	0	0	0	2	0
1472	6.79	6.79	7.13	38	33	8	3	4	1	3	3	1	2	1	7	1	1	2	0	3	0	0	0	2	0	0	0	0	0	1	0
1484	9.82	9.77	9.71	17	13	7	1	2	2	1	0	0	1	0	2	2	1	0	1	0	0	0	1	1	0	0	0	0	0	0	0
1485	9.19	9.17	8.73	27	23	11	2	6	3	0	1	2	1	0	0	2	1	0	1	0	2	1	1	0	0	0	0	0	0	0	0
1486	6.79	7.00	7.00	19	15	8	3	2	2	3	1	1	1	0	0	0	1	1	0	0	1	0	0	0	1	1	0	0	0	0	0
1487	7.12	6.60	7.15	50	42	20	9	6	4	3	2	3	7	4	2	2	0	1	1	0	0	0	0	0	0	1	1	0	0	0	0
1488	7.13	6.88	6.56	229	176	62	25	18	17	19	17	18	7	19	10	8	8	6	4	5	3	3	3	5	4	2	2	4	0	4	0
1489	6.24	6.32	6.02	523	386	153	57	36	42	43	32	40	27	20	12	15	15	13	8	19	17	11	13	2	11	10	6	7	8	3	5
1490	4.88	4.86	4.63	476	374	164	44	51	50	25	26	24	22	24	12	18	18	19	6	5	7	12	7	4	8	18	10	3	7	6	2
1491	6.42	6.08	5.64	172	132	64	21	10	10	9	5	12	4	8	3	5	3	6	5	3	4	5	4	7	7	3	3	3	2	2	2
1492	8.07	8.03	7.62	208	169	89	34	12	23	9	11	8	9	14	4	8	4	3	9	3	2	5	11	0	1	5	5	6	3	2	3
1493	8.51	8.52	8.67	332	247	101	32	14	30	23	26	11	19	15	8	8	14	10	5	4	11	6	9	2	9	7	5	14	3	7	7
1494	8.67	8.79	8.10	54	39	10	8	6	1	3	3	2	1	5	0	1	0	0	0	2	1	2	1	5	0	2	0	2	1	1	0
1495	8.26	8.39	8.75	155	117	40	20	14	9	8	9	7	7	16	4	7	4	8	2	2	2	2	4	2	1	0	4	2	2	2	3
1496	8.06	7.74	8.00	31	27	8	0	5	3	0	0	3	3	0	0	3	2	0	2	1	2	0	0	1	0	0	0	0	1	0	0
1497	8.54	8.47	8.72	61	47	18	7	6	3	7	2	2	3	0	5	1	1	1	0	1	3	0	0	4	3	2	0	0	1	0	1
1498	8.86	8.67	9.64	50	36	14	3	12	6	4	2	0	0	1	2	0	2	3	0	1	0	1	0	5	0	0	1	0	0	0	1
1499	7.83	7.82	7.50	18	17	8	1	2	2	0	0	0	3	0	2	0	0	1	0	1	0	0	0	0	1	0	1	0	1	2	0
1500	8.40	8.39	8.71	93	72	34	9	7	13	4	2	4	4	0	2	1	6	1	4	5	6	0	2	0	0	2	2	1	2	4	0
1501	7.02	6.94	7.17	85	63	30	7	5	6	3	5	2	5	2	5	2	3	5	3	1	3	0	2	2	1	5	1	1	3	3	0
1502	6.61	6.84	6.83	38	31	12	3	1	3	3	2	4	2	2	2	1	1	1	2	0	0	1	0	1	0	1	1	1	0	0	1
1503	5.78	5.52	4.60	37	25	5	2	2	1	9	1	2	2	0	1	0	1	0	2	1	1	0	1	3	1	1	1	0	1	0	0
1504	6.59	6.21	6.58	86	67	26	5	8	6	8	7	7	5	0	6	1	2	5	0	2	4	1	2	3	0	1	0	2	1	3	1
1505	7.40	7.46	7.34	209	162	76	22	24	25	11	11	11	14	5	3	12	3	3	12	5	5	4	3	2	3	3	2	0	1	7	1
1506	7.02	6.97	6.91	90	74	44	14	7	10	5	3	3	5	4	4	5	0	1	2	1	2	0	2	1	3	0	1	3	2	2	3
1507	7.52	7.37	7.00	63	51	17	5	7	1	3	1	4	3	5	6	2	5	4	2	3	3	0	0	1	3	0	0	0	1	0	0
1508	8.67	8.67	8.69	27	21	13	2	2	4	1	1	1	1	0	1	2	1	0	0	2	0	0	2	0	0	0	0	1	2	2	0
1509	9.00	9.00	8.00	2	2	1	0	0	0	0	0	1	0	0	0	1	0	0	0	0	0	0	0	0	0	0	0	0	0	0	0
1517	15.00	15.00	0	1	1	0	0	0	0	0	0	1	0	0	0	0	0	0	0	0	0	0	0	0	0	0	0	0	0	0	0
1520	5.00	5.00	5.00	1	1	1	0	0	0	0	0	0	1	0	0	0	0	0	0	0	0	0	0	0	0	0	0	0	0	0	0
1521	9.82	10.33	9.00	11	9	2	0	0	0	2	1	0	0	0	1	0	2	0	0	0	2	1	0	0	0	0	0	0	0	0	0
1523	8.50	8.50	0	2	2	0	0	2	0	0	0	0	0	0	0	0	0	0	0	0	0	0	0	0	0	0	0	0	0	0	0
1524	7.67	8.14	7.33	48	35	12	4	5	1	4	2	5	3	1	0	0	2	0	2	2	0	1	0	2	1	1	2	3	1	0	0
1525	6.56	6.64	6.43	394	315	147	62	28	33	19	24	11	21	23	16	15	11	11	12	3	2	8	11	2	6	13	8	4	4	3	4
1526	5.80	5.93	6.33	526	384	166	69	52	32	34	20	28	26	26	14	10	16	23	15	13	16	10	9	6	10	15	9	9	2	9	5
1527	5.79	5.90	5.83	96	78	36	11	17	10	7	5	4	4	3	1	3	3	3	5	2	0	0	1	2	4	3	2	0	1	2	0
1528	8.04	7.88	8.10	93	66	30	5	8	8	7	2	5	5	1	3	3	1	1	2	3	3	0	2	1	3	3	2	1	2	3	2
1529	8.54	8.55	8.81	106	91	37	7	8	12	5	10	9	6	3	8	4	4	5	1	2	2	2	0	2	1	2	2	1	0	2	0
1530	8.85	9.04	8.40	52	46	15	6	1	3	6	6	3	5	3	1	2	2	1	2	0	0	2	0	0	1	1	1	1	0	0	0
1531	9.53	9.29	8.00	15	14	6	1	2	1	0	1	1	1	0	0	2	0	0	1	0	0	0	0	4	0	0	0	0	1	0	0
1532	9.07	8.85	10.00	15	13	6	3	2	0	0	1	0	2	1	2	0	1	0	0	0	0	0	0	2	1	0	0	0	0	0	0
1533	7.83	7.75	7.40	23	20	5	0	4	0	0	2	1	3	3	1	1	0	1	1	0	1	2	0	1	0	0	0	0	0	0	0
1534	8.50	8.50	0	2	2	0	0	2	0	0	0	0	0	0	0	0	0	0	0	0	0	0	0	0	0	0	0	0	0	0	0
1535	8.18	8.40	7.40	11	10	5	3	1	0	0	0	0	2	1	1	0	0	1	0	0	0	0	0	1	0	1	0	0	0	0	0
1536	9.13	8.96	8.88	30	25	16	5	1	2	4	3	0	1	3	0	2	0	2	0	0	1	1	0	0	1	0	1	2	0	0	0
1537	6.86	6.75	6.54	71	60	26	6	3	2	5	5	5	8	3	0	4	3	3	1	3	3	0	1	2	0	0	2	0	2	0	2
1538	8.06	8.43	8.50	16	14	10	2	2	1	0	1	0	2	0	2	1	0	0	0	2	0	0	0	2	0	0	0	0	0	0	0
1539	7.00	7.00	0	1	1	0	0	0	0	0	0	0	0	0	1	0	0	0	0	0	0	0	0	0	0	0	0	0	0	0	0
1540	9.00	9.00	9.00	1	1	1	0	0	1	0	0	0	0	0	0	0	0	0	0	0	0	0	0	0	0	0	0	0	0	0	0
1541	7.29	8.00	7.50	7	6	4	0	1	1	0	0	0	1	0	0	0	0	0	2	0	1	0	0	0	0	0	0	0	0	0	0
1542	8.74	8.24	9.00	27	21	12	2	1	3	1	0	1	0	3	1	2	0	2	1	0	1	0	0	0	0	0	0	1	1	2	1
1543	8.51	8.64	8.43	43	36	14	5	6	2	2	1	0	3	1	3	2	3	1	1	0	0	1	3	0	2	0	0	0	0	2	0
1544	8.75	8.77	8.67	88	70	30	8	8	6	3	3	6	4	8	2	2	1	3	3	3	2	5	2	0	0	5	2	1	0	4	0
1545	9.21	9.34	9.38	52	41	24	3	3	12	3	0	2	3	2	1	2	1	2	0	0	2	2	2	0	3	1	1	1	0	0	1
1546	10.07	9.65	10.13	30	26	15	5	3	3	1	0	2	2	1	0	3	0	2	0	0	0	0	0	0	0	0	0	3	0	2	0
1559	9.90	9.90	10.80	10	10	5	1	0	0	0	0	0	0	0	0	1	0	0	0	0	0	0	0	1	0	0	0	1	1	0	0
1560	7.00	7.00	7.00	1	1	1	1	0	0	0	0	0	0	0	0	0	0	0	0	0	0	0	0	0	0	0	0	0	0	0	0
1561	6.41	6.32	6.24	503	379	172	57	51	46	58	15	17	27	37	18	22	11	15	12	10	8	13	9	4	13	9	4	4	3	1	1
1562	6.65	6.66	6.76	402	320	143	54	29	34	23	28	18	25	11	11	14	16	13	11	3	12	11	13	2	8	7	5	6	7	2	4
1563	7.58	6.50	6.00	19	12	6	3	3	2	1	1	0	1	0	1	1	0	0	2	0	1	0	1	0	0	1	0	0	0	0	0
1564	8.85	8.81	8.81	54	48	21	6	7	8	4	2	4	3	1	1	0	4	0	1	1	0	2	1	1	1	0	2	0	0	0	1
1565	8.82	8.66	8.51	119	94	39	13	14	7	11	8	4	7	2	4	6	5	3	2	1	4	7	1	1	1	2	1	1	1	0	0
1566	10.00	10.12	8.00	24	17	4	3	2	1	2	2	3	0	1	0	0	0	0	0	0	0	1	1	2	2	0	0	1	1	0	0
1567	9.41	9.44	9.44	17	16	9	1	1	2	2	1	1	2	0	1	0	1	0	1	0	0	1	0	1	0	0	0	0	0	0	1
1568	8.77	8.70	8.41	77	61	27	12	4	6	2	5	3	6	4	1	2	4	2	2	4	1	2	0	3	1	0	0	1	1	0	2
1569	9.80	9.78	9.33	10	9	3	0	0	0	1	0	2	0	0	1	1	0	2	0	1	0	0	0	1	0	0	0	0	0	0	0
1570	7.67	8.00	10.50	12	7	2	0	2	1	2	0	0	0	1	0	0	1	0	0	0	0	0	0	2	0	0	0	0	0	1	0
1571	8.14	8.18	7.50	29	17	8	6	1	1	3	3	3	0	2	0	0	0	4	0	0	0	1	0	1	0	0	1	0	0	0	1
1572	7.26	7.30	6.84	117	82	31	17	15	4	7	4	0	5	7	4	2	2	2	7	2	3	0	4	3	1	1	6	3	4	1	0
1573	6.97	6.86	6.91	212	153	57	14	21	12	20	11	9	14	5	6	7	4	4	11	5	5	4	6	9	4	11	3	3	2	4	2
1574	7.75	7.75	9.50	4	4	2	2	1	0	0	0	0	0	0	0	0	0	0	0	0	0	0	0	1	0	0	0	0	0	0	0
1575	7.50	8.00	0	4	2	0	0	1	0	0	0	0	0	1	0	0	0	0	1	0	0	0	0	1	0	0	0	0	0	0	0
1576	6.83	6.83	7.00	6	6	5	1	1	0	1	0	0	1	0	0	0	1	1	0	0	0	0	0	0	0	0	0	0	0	0	0
1578	8.85	8.75	8.25	13	12	8	1	2	3	2	0	0	0	0	0	1	0	1	0	0	0	0	0	1	0	0	0	0	0	0	0
1579	9.16	9.09	9.11	107	85	45	9	8	11	10	7	6	7	3	4	5	1	7	2	2	1	1	3	3	0	0	0	5	0	2	1
1580	9.58	8.94	8.57	26	18	7	2	2	2	2	3	0	2	1	0	2	0	1	0	0	0	0	1	0	1	0	0	2	4	0	0
1581	10.67	9.80	10.00	6	5	2	0	1	0	0	0	0	0	1	0	0	2	0	0	0	0	0	0	0	0	0	0	1	0	0	0
1594	9.00	10.00	10.00	3	1	1	0	1	1	0	0	0	0	0	0	0	0	0	0	0	0	0	0	1	0	0	0	0	0	0	0
1595	9.50	8.94	11.60	20	18	5	3	2	0	0	3	0	1	0	0	1	1	0	0	0	0	1	0	3	1	0	1	0	1	0	0
1596	10.00	8.00	9.50	6	5	2	2	0	1	1	0	0	1	0	0	0	0	0	0	0	0	1	0	0	0	0	0	0	0	0	0
1597	6.00	6.00	6.00	3	3	3	0	0	0	0	0	0	1	0	0	0	0	0	0	0	0	0	0	0	0	0	0	0	0	0	0
1598	7.01	7.12	7.17	161	122	58	29	12	11	12	6	7	6	9	4	6	6	3	5	1	2	5	3	1	7	3	1	2	1	0	0
1599	10.00	10.33	9.00	4	3	1	0	1	0	1	0	0	0	0	0	1	0	0	0	1	0	0	0	0	0	0	0	0	0	0	0
1600	9.06	9.08	8.89	33	25	9	7	6	1	1	1	3	1	2	0	1	1	1	1	0	2	1	1	0	0	2	0	0	0	0	0
1601	9.31	9.29	9.24	317	234	92	28	27	26	25	21	20	16	18	5	9	9	12	7	7	8	5	4	2	5	7	6	6	4	6	7
1602	9.05	9.08	9.71	43	38	14	1	12	3	0	2	3	3	2	1	2	0	1	0	0	0	1	0	0	0	0	0	0	2	4	2
1603	9.43	9.69	10.25	21	16	4	2	3	1	0	1	1	0	0	1	1	0	0	0	4	3	0	0	2	0	0	0	0	1	0	0
1604	9.24	9.19	8.55	41	31	11	1	6	4	4	3	0	3	0	4	0	0	1	0	1	0	1	1	5	0	0	0	0	3	0	1
1605	9.56	9.31	8.50	16	13	6	2	3	0	1	0	0	0	0	0	3	0	0	0	0	0	1	0	2	0	0	1	0	1	0	0
1606	9.11	9.24	9.50	18	17	10	2	1	3	0	0	0	0	0	1	1	0	0	0	0	0	0	1	1	0	0	0	0	2	1	1
1607	7.07	7.33	7.36	106	80	39	12	7	8	7	6	6	7	2	4	3	3	4	2	0	2	2	1	1	8	2	4	1	0	1	2
1608	7.76	7.75	6.72	71	55	18	5	8	5	9	3	3	2	4	4	1	3	3	1	1	1	2	1	1	0	0	3	1	1	1	1
1609	6.77	6.75	6.54	390	299	128	31	31	34	35	18	26	18	22	10	23	6	9	8	15	6	9	8	9	5	6	5	1	3	5	8
1610	8.86	8.87	10.86	29	23	7	2	4	2	6	1	1	1	1	1	0	1	0	1	0	2	1	1	1	0	0	0	1	0	0	0
1611	6.00	6.00	0	1	1	0	0	0	0	0	0	1	0	0	0	0	0	0	0	0	0	0	0	0	0	0	0	0	0	0	0
1613	9.11	8.92	8.57	18	13	7	1	4	2	1	0	0	1	1	0	3	0	1	0	1	0	1	0	0	0	0	1	0	0	0	0
1614	9.63	9.67	9.54	35	30	13	5	1	3	4	1	3	3	2	1	1	0	1	0	0	0	1	1	0	1	0	0	1	0	0	1
1616	10.03	9.96	9.85	33	26	13	4	1	3	2	0	0	2	1	4	1	1	5	2	0	0	0	1	1	0	1	0	2	0	0	0
1617	10.47	10.48	9.42	32	27	12	3	3	1	2	0	1	0	3	1	1	2	3	1	1	1	1	1	0	0	0	1	0	1	1	2
1630	9.78	10.14	9.50	9	7	4	1	0	0	0	0	0	2	0	1	0	0	0	0	0	1	0	2	0	0	0	0	0	0	0	0
1631	9.33	9.33	9.33	3	3	3	0	1	0	0	0	0	1	0	0	0	0	1	0	0	0	0	0	0	0	0	0	0	0	0	0
1632	7.75	7.67	0	4	3	0	0	2	0	0	0	0	0	0	0	0	0	0	0	0	1	0	0	0	0	0	0	0	0	1	0
1633	5.00	5.00	0	2	2	0	0	1	0	0	0	0	0	0	0	0	0	0	0	0	0	0	0	1	0	0	0	0	0	0	0
1634	7.87	8.29	8.17	38	31	12	5	9	2	0	1	0	1	1	1	2	1	1	3	1	2	2	0	0	1	1	0	0	0	0	0
1635	8.86	8.92	8.81	140	107	43	11	14	12	6	12	5	8	2	2	9	5	2	13	4	5	1	2	0	2	2	1	1	0	4	2
1636	8.85	8.93	9.43	110	86	35	19	13	8	8	3	6	6	3	7	4	2	1	3	1	1	1	1	1	1	2	1	2	1	2	0
1637	9.74	9.92	9.53	34	24	15	7	2	5	0	2	1	0	0	1	1	1	2	1	1	0	0	1	0	0	0	1	3	0	2	0
1638	7.96	8.14	9.14	23	14	7	1	2	4	2	1	0	1	0	1	0	0	0	0	2	0	0	1	3	0	0	0	1	1	1	0
1639	8.69	8.12	8.00	26	17	5	2	4	1	4	4	0	1	0	2	1	0	0	0	0	1	0	0	1	1	1	0	0	0	0	1
1640	9.43	9.10	8.46	35	29	13	1	4	3	2	1	2	3	1	1	1	1	0	1	1	0	2	0	1	0	1	0	1	1	1	1
1641	9.66	9.50	9.67	29	20	9	2	5	5	1	0	2	3	1	0	0	0	0	1	1	0	0	1	0	1	0	1	1	1	1	0
1642	7.71	7.59	7.06	48	41	17	2	11	2	1	5	2	3	1	1	3	0	0	1	2	0	0	2	2	0	0	1	1	1	1	0
1643	8.33	8.36	10.60	18	11	5	0	0	0	3	0	0	0	0	2	2	0	1	0	1	0	2	0	0	0	0	3	1	0	1	0
1644	6.63	6.55	6.61	216	174	79	24	8	15	17	14	9	13	13	8	9	6	14	7	5	4	3	9	1	1	5	3	4	3	5	0
1645	6.63	6.67	6.21	83	67	29	4	6	5	7	3	4	10	6	0	3	5	3	2	1	1	1	4	4	1	0	2	3	2	1	0
1646	8.50	7.20	5.00	6	5	1	0	0	0	1	0	1	1	0	0	0	1	0	0	0	1	0	0	0	0	0	0	0	0	0	0
1648	8.58	8.54	8.48	83	65	21	9	9	3	5	9	3	3	3	0	2	2	2	2	3	1	6	2	3	2	0	1	2	0	1	1
1649	9.24	9.25	9.38	150	124	61	16	10	19	10	10	5	9	4	7	7	4	8	2	3	1	2	0	0	5	3	1	3	3	0	2
1650	10.23	10.44	9.50	13	9	2	0	1	1	1	1	1	0	0	1	0	1	0	0	0	0	0	1	0	0	1	0	1	0	3	0
1652	10.60	11.00	10.00	5	4	1	0	0	1	0	0	1	0	0	1	0	1	0	0	0	0	0	0	0	0	0	0	0	0	0	0
1666	11.00	11.00	0	1	1	0	0	0	0	0	0	0	0	0	0	0	0	0	0	0	0	0	0	1	0	0	0	0	0	0	0
1667	7.50	7.50	7.00	2	2	1	0	1	0	0	0	0	0	0	0	0	0	0	0	0	0	0	0	0	0	0	0	0	0	0	0
1668	9.00	9.00	0	1	1	0	0	0	0	0	0	0	0	0	0	0	0	0	0	0	0	1	0	0	0	0	0	0	0	0	0
1669	9.44	9.53	8.00	16	15	5	1	2	1	1	1	0	0	2	2	1	1	1	0	1	1	0	0	0	0	0	0	1	0	0	0
1670	7.50	7.31	7.61	125	99	44	12	11	12	8	7	9	4	4	6	3	2	4	1	4	1	1	1	0	4	4	2	1	3	2	2
1671	8.11	7.92	7.79	324	257	122	32	26	39	16	23	15	15	5	16	10	7	15	5	7	6	2	8	4	5	7	4	4	3	7	3
1672	8.81	8.90	8.63	247	181	81	36	23	22	18	23	11	2	9	6	7	3	3	10	5	6	2	7	1	4	10	3	7	1	3	3
1673	8.74	8.39	8.86	47	36	14	3	3	5	5	3	1	1	1	1	2	0	1	3	1	1	1	1	2	1	0	0	1	1	1	0
1674	8.70	8.83	8.29	64	53	21	5	5	7	1	4	2	2	3	2	2	4	4	2	0	1	5	0	2	1	0	2	1	0	1	1
1675	10.20	11.00	12.00	5	4	1	0	0	0	1	0	0	0	1	1	0	0	0	0	0	0	0	0	0	0	0	0	0	1	0	1
1676	9.31	9.25	8.00	13	12	6	1	1	3	0	2	0	1	0	1	2	1	0	1	0	0	0	0	0	0	0	0	0	0	0	0
1677	8.40	8.38	8.00	10	8	3	0	2	1	1	0	0	0	0	1	0	0	1	0	0	1	0	0	0	0	0	0	0	0	1	0
1678	8.28	8.14	8.35	86	71	37	6	10	10	2	6	4	6	2	1	4	1	4	1	1	3	1	1	2	2	0	1	4	1	1	2
1679	8.79	8.47	7.86	24	17	7	4	1	0	1	3	1	1	0	2	1	0	1	0	2	0	0	0	0	2	0	0	1	0	2	0
1680	5.95	6.00	6.17	22	17	6	3	1	2	1	1	1	1	0	2	1	0	1	1	2	1	0	0	0	0	1	0	0	1	0	0
1681	6.10	6.01	5.89	293	224	110	51	18	20	17	19	9	16	7	10	6	14	17	7	5	6	3	1	4	5	2	9	6	0	10	4
1682	7.58	7.50	6.93	74	56	28	9	6	3	3	4	6	3	1	1	3	3	7	1	2	5	0	1	0	3	1	1	1	0	2	0
1683	9.20	7.33	7.00	5	3	2	0	0	0	1	1	0	1	0	0	0	0	0	0	0	0	0	1	1	0	0	0	0	0	0	0
1684	9.56	9.86	9.00	16	14	7	1	0	1	2	1	1	3	2	0	1	0	1	1	0	0	0	0	0	1	0	0	0	0	0	0
1685	9.13	9.24	9.30	31	25	10	7	2	3	1	5	3	2	1	0	1	1	1	0	0	0	1	0	1	1	0	0	0	0	0	0
1687	11.50	11.50	0	2	2	0	0	1	0	0	0	0	0	0	0	0	0	0	0	0	0	0	0	0	0	0	0	0	0	0	0
1688	9.00	9.00	9.00	2	2	2	0	0	0	0	0	0	0	0	0	1	0	0	0	0	0	0	0	1	0	0	0	0	0	0	0
1704	11.50	13.67	9.50	4	3	2	0	0	0	1	0	0	1	1	0	0	0	0	0	0	0	0	0	0	0	0	0	0	0	0	0
1705	8.00	8.00	7.00	2	2	1	0	1	0	0	0	0	0	0	0	0	0	0	0	0	0	0	0	0	0	0	0	0	0	0	0
1706	7.34	7.00	6.91	44	31	11	6	2	2	0	6	1	0	4	0	0	3	1	0	1	2	2	1	3	2	0	1	0	0	0	0
1707	8.63	8.60	8.23	104	82	44	23	7	6	8	9	1	6	5	0	5	3	3	3	0	1	2	2	1	4	0	0	5	0	3	2
1708	7.85	8.09	8.38	13	11	8	0	1	1	0	0	0	1	0	0	2	0	1	1	0	2	0	1	2	0	0	0	0	0	0	0
1709	5.20	5.00	6.00	5	3	1	1	3	0	0	0	0	0	0	0	0	0	0	0	0	0	0	0	1	0	0	0	0	0	0	0
1712	10.33	8.00	0	3	1	0	0	0	0	0	0	0	0	0	0	0	0	0	0	0	0	0	0	2	0	0	0	0	0	1	0
1713	9.39	9.39	9.20	36	33	15	4	3	4	2	1	1	4	1	1	1	2	0	0	0	0	2	1	0	3	0	0	0	0	1	0
1714	8.88	8.92	8.10	75	63	30	8	8	2	5	5	2	10	6	1	2	3	2	0	0	0	2	2	1	3	3	0	1	1	0	3
1715	9.50	9.00	9.00	4	3	2	1	0	0	1	0	0	0	0	0	0	0	0	0	0	0	0	1	0	0	0	0	0	0	0	0
1716	5.91	5.89	5.41	381	300	148	41	29	41	22	26	14	21	14	7	10	14	14	14	8	12	4	9	0	4	3	5	10	1	9	6
1717	5.01	4.90	4.91	207	163	90	29	11	24	9	7	17	15	7	8	6	3	9	1	3	4	4	3	2	5	5	5	4	1	1	2
1718	7.20	7.00	6.43	10	9	7	1	0	5	0	0	0	0	0	0	0	0	1	1	0	0	1	0	0	0	0	0	0	0	0	0
1719	8.37	8.43	8.25	30	21	8	2	10	2	3	0	1	0	2	0	2	0	0	0	1	1	2	0	1	1	0	0	0	0	0	1
1720	8.65	8.83	9.00	31	24	9	3	4	3	4	1	3	2	2	0	1	1	2	0	1	0	1	0	1	0	0	0	0	0	0	0
1722	10.38	9.83	9.67	8	6	3	1	0	1	0	1	0	0	0	0	0	0	0	1	0	0	0	0	0	0	0	0	1	0	0	0
1723	11.80	10.67	10.00	5	3	2	2	0	0	2	0	0	0	0	0	0	0	1	0	0	0	0	0	0	0	0	0	0	0	0	0
1740	6.47	6.55	7.14	15	11	7	5	0	2	0	0	1	0	2	0	0	0	0	0	0	0	0	0	1	1	1	0	1	0	0	0
1741	8.45	8.75	5.33	11	8	3	0	0	2	2	0	0	0	3	0	0	0	0	0	0	1	0	0	1	0	0	1	0	0	0	0
1742	9.33	9.88	12.75	9	8	4	0	2	2	1	1	1	0	0	0	1	0	0	0	0	0	0	0	0	0	0	0	0	0	0	1
1743	8.33	8.62	11.67	15	13	6	2	2	2	1	0	0	0	0	1	0	1	0	1	0	0	0	0	1	0	1	0	0	2	1	0
1744	5.78	5.00	6.25	9	6	4	2	1	0	0	0	0	0	0	0	1	0	0	0	1	0	0	0	3	0	0	0	0	0	0	0
1745	8.90	8.84	8.47	39	32	15	2	2	4	3	1	3	6	2	1	0	4	0	1	0	0	0	0	1	2	0	1	0	0	0	0
1746	9.03	8.97	9.46	37	32	13	5	3	2	0	8	1	2	1	2	0	1	2	1	0	1	0	2	0	0	0	1	0	0	0	0
1747	6.50	6.50	7.00	2	2	1	0	0	0	1	0	0	0	1	0	0	0	0	0	0	0	0	0	0	0	0	0	0	0	0	0
1748	8.00	0	0	2	0	0	0	1	0	1	0	0	0	0	0	0	0	0	0	0	0	0	0	0	0	0	0	0	0	0	0
1749	10.00	10.00	11.00	4	4	1	0	0	0	0	0	1	1	0	0	0	0	0	0	0	0	0	0	2	0	0	0	0	0	0	0
1750	8.34	8.42	7.92	29	24	12	4	3	1	4	0	0	1	0	2	2	0	0	1	2	1	0	1	1	0	2	0	0	2	0	0
1751	9.76	9.07	8.75	21	15	8	4	1	3	1	0	3	0	0	0	2	0	0	2	1	0	0	0	0	0	1	1	0	0	0	0
1752	6.88	6.85	6.10	77	61	30	10	3	6	8	4	5	3	6	3	4	1	2	3	1	0	0	1	0	1	0	1	2	1	1	1
1753	5.68	5.77	5.35	561	423	172	43	54	48	31	27	27	24	28	17	14	15	30	21	22	10	16	7	5	8	10	7	10	12	13	9
1754	5.95	6.11	6.15	111	87	27	3	9	8	10	3	6	6	1	7	5	5	2	6	8	3	3	2	4	0	0	1	0	5	2	1
1755	11.00	9.78	9.80	10	9	5	0	0	3	0	0	0	0	1	0	0	0	0	0	0	0	0	0	2	0	1	0	0	3	0	0
1756	8.97	8.58	8.60	31	24	10	2	3	3	4	0	1	3	1	1	3	1	0	0	0	0	1	1	1	1	0	0	0	0	0	1
1758	10.04	10.23	10.25	27	22	8	1	3	3	2	3	0	0	2	3	0	0	0	0	1	1	1	1	1	0	0	0	2	0	0	0
1759	10.47	10.52	10.15	104	90	41	16	10	7	6	6	6	5	7	7	8	0	7	1	4	0	3	0	0	0	0	2	0	0	2	0
1760	10.83	10.83	11.50	6	6	2	1	0	1	0	1	0	1	0	1	0	1	0	0	0	0	0	0	0	0	0	0	0	0	0	0
1775	9.00	9.00	6.67	14	10	6	1	0	1	1	0	1	0	0	0	3	0	0	0	0	0	1	0	1	0	0	0	1	0	0	1
1776	9.67	9.67	5.00	3	3	1	0	1	1	0	0	0	0	1	0	0	0	0	0	0	0	0	0	0	0	0	0	0	0	0	0
1777	6.00	6.00	6.00	2	2	1	0	0	1	0	0	0	0	0	0	0	0	0	0	0	0	0	0	0	0	0	0	0	0	1	0
1778	7.05	7.33	7.13	80	61	15	5	6	4	4	7	4	1	3	5	1	2	2	6	3	3	1	1	3	1	1	3	2	1	3	1
1779	7.10	7.63	7.33	21	16	9	3	2	2	1	0	1	1	1	3	2	0	0	0	2	0	0	1	0	0	0	0	0	0	0	0
1780	7.43	5.50	5.67	7	4	3	1	0	1	0	0	0	1	0	1	0	0	0	0	0	0	0	0	0	1	0	0	0	0	0	0
1781	9.31	8.82	7.50	13	11	2	0	0	2	2	2	2	0	0	0	0	1	0	1	0	0	1	0	0	1	0	0	0	0	0	0
1782	9.85	9.64	10.00	53	44	15	4	4	5	7	3	5	1	3	1	2	4	1	2	1	0	2	0	0	1	1	0	1	0	1	0
1784	8.00	7.80	7.50	7	5	2	1	0	0	0	0	0	1	0	0	0	0	0	0	0	0	1	0	2	0	0	0	0	0	1	0
1785	6.25	6.17	4.50	8	6	2	0	1	0	0	0	0	1	0	1	0	0	0	0	1	0	0	0	4	0	0	0	0	0	0	0
1786	9.92	9.64	9.83	13	11	6	2	3	0	2	0	1	1	0	0	1	0	2	0	0	0	0	0	0	0	0	0	0	0	0	0
1787	8.00	0	0	1	0	0	0	1	0	0	0	0	0	0	0	0	0	0	0	0	0	0	0	0	0	0	0	0	0	0	0
1788	6.51	6.30	6.00	91	73	33	9	15	6	2	4	2	5	3	2	3	1	2	2	2	4	0	1	7	0	1	1	2	3	2	0
1789	6.57	6.36	5.96	122	99	49	16	14	5	10	5	5	8	8	7	5	3	3	0	1	1	5	1	5	2	3	1	1	2	0	1
1790	8.75	8.50	0	4	2	0	0	0	0	1	0	0	0	0	0	0	0	0	0	1	0	0	0	0	0	0	0	1	1	0	0
1791	8.86	8.86	9.00	7	7	4	0	0	0	0	0	1	0	0	0	0	0	0	0	0	0	0	1	3	0	0	0	0	0	0	1
1794	9.73	9.56	9.71	22	18	7	4	2	1	3	1	0	3	1	0	1	0	0	1	0	0	0	0	0	0	1	0	1	1	0	0
1795	10.35	10.05	9.80	26	19	10	3	0	2	1	3	0	1	1	0	0	0	2	1	1	0	0	0	1	2	4	0	1	1	0	0
1796	10.00	10.00	0	1	1	0	0	0	0	0	1	0	0	0	0	0	0	0	0	0	0	0	0	0	0	0	0	0	0	0	0
1811	7.50	8.25	7.50	6	4	2	2	0	0	0	1	0	1	0	1	0	0	0	0	0	0	0	0	0	0	0	0	0	0	0	0
1813	8.91	9.78	11.33	23	18	9	3	2	3	1	3	1	0	0	1	1	1	0	1	0	0	0	0	3	2	0	0	0	0	0	0
1814	5.75	5.68	5.44	157	112	36	16	19	10	14	8	9	5	3	4	2	7	4	5	12	1	3	4	4	1	4	2	2	3	2	0
1815	7.12	7.07	8.00	33	28	7	0	4	3	3	4	3	0	2	1	0	5	0	1	1	0	0	1	1	0	0	1	0	1	0	1
1816	5.00	5.00	0	1	1	0	0	1	0	0	0	0	0	0	0	0	0	0	0	0	0	0	0	0	0	0	0	0	0	0	0
1818	9.42	9.83	9.40	31	18	5	2	3	1	6	1	2	0	2	0	0	2	1	1	0	1	0	3	0	1	0	0	0	1	0	2
1819	9.44	9.41	8.76	54	44	21	11	2	5	2	5	3	3	1	0	1	0	0	2	0	1	0	1	3	1	3	1	0	0	0	1
1820	7.50	7.50	7.00	2	2	1	1	0	0	0	0	0	0	0	0	0	0	0	1	0	0	0	0	0	0	0	0	0	0	0	0
1821	9.59	9.52	9.22	29	25	9	3	2	5	2	3	1	1	1	1	1	2	0	2	0	1	2	1	0	0	0	0	0	0	0	0
1822	10.29	9.85	10.25	17	13	4	3	2	0	1	1	1	1	2	0	0	0	1	0	0	1	0	0	3	0	0	0	0	1	0	0
1824	16.67	16.67	8.00	3	3	1	0	0	0	0	0	0	0	0	0	0	0	1	0	0	0	0	0	2	0	0	0	0	0	0	0
1825	6.61	6.44	6.62	71	55	26	11	3	8	9	4	2	4	8	0	5	1	0	1	1	1	4	2	0	3	0	1	1	0	0	0
1826	6.94	6.83	6.72	142	109	40	17	11	6	10	4	8	11	8	6	5	6	10	6	2	4	2	1	1	3	3	1	3	0	0	0
1827	8.47	8.38	8.60	17	13	5	0	7	0	0	1	0	1	0	2	0	0	0	1	0	0	0	0	3	0	0	0	0	0	0	0
1828	7.00	7.00	6.00	2	2	1	0	1	0	0	0	0	0	0	0	0	0	0	0	0	0	0	0	1	0	0	0	0	0	0	0
1829	8.00	8.00	9.00	3	3	1	0	0	0	1	0	0	0	0	0	0	0	0	0	0	0	0	0	2	0	0	0	0	0	0	0
1846	6.00	6.00	0	1	1	0	0	0	0	0	0	0	0	0	0	0	0	0	0	1	0	0	0	0	0	0	0	0	0	0	0
1847	7.68	7.67	7.25	19	18	8	2	1	2	1	2	1	0	1	2	2	0	0	0	0	0	1	0	0	0	0	0	1	1	0	0
1848	7.64	7.75	7.88	14	12	8	0	0	1	0	1	0	1	0	0	3	1	1	2	1	2	0	0	0	0	0	0	0	0	0	0
1849	7.78	8.06	9.53	106	86	34	16	17	5	11	4	5	3	3	6	4	5	2	4	0	3	0	2	2	2	0	0	2	1	0	1
1850	7.32	7.21	7.81	34	29	16	3	1	1	3	2	3	2	0	0	0	2	3	0	1	1	0	0	2	2	1	1	2	1	0	1
1851	6.50	7.33	8.00	4	3	2	0	2	0	0	0	0	1	0	0	0	0	1	0	0	0	0	0	0	0	0	0	0	0	0	0
1852	11.00	11.00	11.00	1	1	1	0	0	0	1	0	0	0	0	0	0	0	0	0	0	0	0	0	0	0	0	0	0	0	0	0
1856	9.09	9.09	8.00	11	11	5	1	0	1	0	2	1	0	1	0	0	0	0	1	0	0	0	2	1	0	0	0	0	0	0	0
1857	7.69	8.75	9.40	13	8	5	0	1	1	1	0	0	0	0	0	0	1	0	0	1	1	0	0	4	0	0	2	0	0	0	0
1858	9.00	9.00	9.00	1	1	1	0	1	0	0	0	0	0	0	0	0	0	0	0	0	0	0	0	0	0	0	0	0	0	0	0
1859	11.33	10.75	10.00	6	4	2	0	2	1	0	0	1	0	0	0	0	0	0	0	1	0	0	0	1	0	0	0	0	0	0	0
1860	9.03	8.92	9.06	35	25	18	7	4	3	4	1	1	1	0	2	3	0	0	1	0	0	0	2	0	0	2	0	1	0	0	2
1861	7.53	7.50	7.29	169	139	69	22	15	14	10	8	7	14	1	4	4	2	7	3	0	2	2	5	5	5	6	1	2	3	5	1
1862	7.58	7.44	7.39	80	64	31	10	4	11	3	1	5	4	3	5	2	1	1	5	0	3	2	1	6	3	2	1	1	0	0	1
1863	9.22	9.22	8.40	9	9	5	0	1	2	0	0	0	0	0	1	1	0	0	0	0	0	0	0	2	0	0	0	0	1	0	0
1866	9.00	9.00	0	1	1	0	0	0	0	0	0	0	0	1	0	0	0	0	0	0	0	0	0	0	0	0	0	0	0	0	0
1881	12.50	12.50	18.00	2	2	1	1	1	0	0	0	0	0	0	0	0	0	0	0	0	0	0	0	0	0	0	0	0	0	0	0
1882	18.00	18.00	0	1	1	0	0	0	0	0	1	0	0	0	0	0	0	0	0	0	0	0	0	0	0	0	0	0	0	0	0
1883	12.00	12.00	12.00	1	1	1	0	0	0	0	0	0	0	0	0	0	0	1	0	0	0	0	0	0	0	0	0	0	0	0	0
1884	8.80	8.80	13.25	10	10	4	0	0	0	1	0	1	3	1	0	1	0	0	0	0	0	0	0	0	0	0	0	1	0	0	0
1885	8.36	8.50	8.50	11	8	4	1	1	3	0	0	0	0	0	0	0	1	0	2	0	0	0	0	0	0	0	0	0	0	0	0
1886	7.40	6.43	6.25	15	14	8	1	0	2	1	2	0	2	0	0	1	0	0	0	0	1	0	0	0	0	0	0	1	0	1	0
1887	10.80	12.25	18.00	5	4	2	0	0	0	0	0	0	1	2	0	1	0	0	0	0	0	0	0	0	0	0	0	0	0	1	0
1891	12.00	12.00	12.00	1	1	1	0	0	0	0	0	0	0	0	0	0	0	0	0	0	0	0	0	1	0	0	0	0	0	0	0
1893	9.77	9.74	8.97	77	57	29	14	5	5	6	8	4	4	2	0	4	1	2	4	2	1	0	1	2	5	0	0	1	0	0	2
1894	10.05	9.92	10.00	41	36	11	2	2	3	3	3	6	2	2	0	2	2	0	2	0	1	0	0	5	1	0	0	0	2	0	0
1895	11.27	10.76	10.00	26	21	11	5	2	0	1	3	0	1	1	0	2	3	1	0	2	0	0	0	1	0	1	1	0	0	0	2
1896	10.11	11.00	12.67	9	6	3	1	0	0	2	0	0	1	0	1	0	0	0	0	0	0	0	0	1	0	0	0	0	0	0	0
1897	9.46	9.73	8.21	41	30	14	5	2	3	3	2	0	4	1	0	2	2	1	0	1	1	1	0	0	0	4	2	0	0	0	0
1898	8.36	8.21	7.67	205	157	58	19	23	13	21	10	14	7	11	7	6	3	5	4	8	6	4	3	3	2	1	3	3	3	1	3
1899	7.97	7.67	6.86	65	49	21	7	8	4	2	2	2	1	1	2	1	1	1	2	0	0	2	3	5	3	0	2	1	0	0	2
1900	9.20	9.67	13.00	15	12	2	0	4	0	1	0	2	0	0	1	0	0	0	1	0	0	1	0	2	0	0	0	0	1	0	0
1917	16.00	16.00	0	1	1	0	0	0	0	0	1	0	0	0	0	0	0	0	0	0	0	0	0	0	0	0	0	0	0	0	0
1918	11.21	11.58	13.60	19	12	5	2	2	0	5	1	1	1	1	0	2	0	0	0	1	1	0	0	0	0	0	1	1	0	0	0
1919	12.34	11.72	12.62	56	46	29	7	5	10	3	1	1	1	2	1	3	1	1	1	3	2	0	2	1	3	1	0	1	1	0	0
1920	10.50	10.50	0	2	2	0	0	0	0	0	1	0	0	0	1	0	0	0	0	0	0	0	0	0	0	0	0	0	0	0	0
1924	11.88	10.50	8.00	8	6	4	3	1	0	0	0	1	1	0	0	0	0	0	0	0	0	0	0	0	1	0	0	0	0	0	0
1925	11.22	11.86	11.20	9	7	5	1	0	2	0	1	0	0	0	0	1	0	0	0	1	0	0	0	0	0	0	0	0	0	0	0
1926	10.00	10.00	6.00	2	2	1	0	0	0	0	0	1	0	0	0	0	0	0	0	0	0	0	0	1	0	0	0	0	0	0	0
1928	9.13	9.29	8.50	8	7	2	1	2	0	0	2	0	0	0	1	1	0	0	0	0	0	0	0	0	0	0	0	0	0	0	0
1929	10.74	10.71	9.94	39	31	17	4	1	6	1	8	2	2	0	1	0	0	0	1	0	0	1	1	2	0	3	2	1	0	0	0
1930	10.00	10.00	0	2	1	0	0	1	0	0	0	0	0	0	0	0	0	0	0	0	0	0	0	1	0	0	0	0	0	0	0
1931	9.00	8.50	8.00	7	6	2	0	2	0	0	1	1	0	0	0	1	0	0	0	0	0	0	0	1	1	0	0	0	0	0	0
1932	11.83	12.50	14.00	6	4	3	2	1	0	1	0	0	0	0	0	1	0	0	0	0	0	0	0	1	0	0	0	0	0	0	0
1933	9.45	9.43	9.24	101	82	46	13	11	14	7	2	5	9	3	2	2	1	6	2	0	1	1	1	0	2	0	1	1	3	3	3
1934	9.18	8.82	9.25	137	105	52	11	19	14	12	4	4	5	8	1	5	5	10	3	3	2	3	2	1	2	0	2	6	0	5	1
1935	7.64	7.64	6.71	14	14	7	1	1	0	0	1	0	1	1	1	1	0	0	0	0	0	1	0	3	0	1	0	0	0	0	0
1955	10.81	11.83	12.86	27	18	7	1	3	0	2	4	0	0	1	1	4	0	3	1	0	0	0	0	1	1	0	0	2	0	1	0
1956	9.20	8.33	8.33	15	12	3	0	1	2	2	2	0	0	1	0	0	1	1	0	0	0	1	0	2	0	0	0	0	0	1	0
1958	7.00	7.00	7.00	1	1	1	0	0	0	0	0	0	0	0	0	0	0	1	0	0	0	0	0	0	0	0	0	0	0	0	0
1959	12.60	11.92	13.71	15	13	7	3	3	1	1	1	1	0	0	0	0	0	2	1	0	0	1	0	0	0	0	0	0	0	0	0
1960	11.00	8.00	8.00	2	1	1	0	0	1	1	0	0	0	0	0	0	0	0	0	0	0	0	0	0	0	0	0	0	0	0	0
1961	11.67	11.67	12.50	3	3	2	1	0	0	0	1	0	0	0	0	1	0	0	0	0	0	0	0	0	0	0	0	0	0	0	0
1962	12.00	12.00	12.00	2	2	2	0	0	1	0	0	0	0	0	0	1	0	0	0	0	0	0	0	0	0	0	0	0	0	0	0
1963	11.50	11.50	11.50	4	4	4	2	0	0	0	0	0	0	0	0	2	0	0	0	0	0	0	0	0	0	0	0	0	0	0	0
1964	11.00	11.00	0	1	1	0	0	1	0	0	0	0	0	0	0	0	0	0	0	0	0	0	0	0	0	0	0	0	0	0	0
1965	9.00	9.00	0	1	1	0	0	0	0	0	0	0	0	0	0	0	0	0	0	0	0	0	0	0	0	0	0	0	0	1	0
1966	15.00	15.00	15.00	1	1	1	0	0	0	0	0	0	0	0	0	0	0	0	0	0	0	0	0	0	0	0	0	1	0	0	0
1970	9.26	8.82	8.71	23	17	7	2	2	2	2	2	2	0	1	0	1	0	1	0	0	1	0	0	0	1	0	0	2	0	2	0
1971	9.03	9.48	8.91	31	25	11	3	2	2	4	2	4	1	0	1	0	0	0	1	0	0	0	1	3	1	1	0	0	0	0	0
1972	8.14	8.00	5.00	7	6	2	0	0	0	1	0	0	2	0	1	0	0	0	0	0	0	0	0	0	0	0	0	0	0	2	0
1989	12.50	12.50	10.00	2	2	1	0	0	0	0	0	0	1	0	0	0	0	1	0	0	0	0	0	0	0	0	0	0	0	0	0
1990	6.00	6.00	0	1	1	0	0	0	0	1	0	0	0	0	0	0	0	0	0	0	0	0	0	0	0	0	0	0	0	0	0
1991	5.00	5.00	0	1	1	0	0	0	0	0	0	0	0	0	0	0	0	0	0	0	0	0	0	1	0	0	0	0	0	0	0
1994	14.00	14.67	7.00	4	3	1	0	1	1	0	0	1	0	1	0	0	0	0	0	0	0	0	0	0	0	0	0	0	0	0	0
1995	6.00	6.00	6.00	1	1	1	0	0	0	0	0	0	0	0	0	0	0	0	0	0	0	0	0	1	0	0	0	0	0	0	0
1997	12.00	12.00	12.00	1	1	1	0	0	0	0	0	0	0	0	0	0	0	0	0	0	0	0	0	0	1	0	0	0	0	0	0
1998	10.71	10.61	10.18	49	41	17	2	5	7	5	4	3	2	3	1	4	0	1	0	0	2	1	0	1	0	1	0	2	1	0	0
1999	11.83	12.00	12.00	6	4	1	0	1	1	0	0	1	0	1	0	0	0	0	0	0	0	0	0	0	1	0	1	0	0	0	0
2000	11.00	11.00	10.80	9	9	5	2	0	1	0	1	0	1	2	0	0	0	1	0	0	0	1	0	0	0	0	0	0	0	0	0
2001	10.73	10.61	10.00	48	41	19	9	4	4	1	4	2	4	2	1	4	1	0	2	1	1	1	1	0	1	1	0	0	1	0	0
2002	15.00	15.00	0	2	2	0	0	0	0	0	0	0	0	1	0	0	1	0	0	0	0	0	0	0	0	0	0	0	0	0	0
2005	11.67	12.25	9.00	9	8	3	1	1	0	0	1	1	1	1	1	1	0	0	0	0	0	0	0	1	0	0	0	0	0	0	0
2007	7.00	7.00	0	1	1	0	0	1	0	0	0	0	0	0	0	0	0	0	0	0	0	0	0	0	0	0	0	0	0	0	0
2027	15.00	15.00	0	1	1	0	0	0	0	0	0	0	0	0	0	0	0	0	0	0	0	1	0	0	0	0	0	0	0	0	0
2028	12.56	11.43	10.33	9	7	3	2	1	0	0	0	0	0	0	1	0	0	0	0	1	1	0	0	1	0	0	0	1	0	1	0
2034	11.75	11.75	12.50	4	4	2	1	0	0	0	1	1	0	0	0	1	0	0	0	0	0	0	0	0	0	0	0	0	0	0	0
2035	10.57	10.67	10.00	7	6	4	1	0	1	0	1	0	1	0	0	0	0	1	0	0	0	0	0	1	0	0	0	0	0	0	0
2036	11.84	11.93	10.57	37	27	14	1	2	6	4	2	1	4	1	1	1	3	0	0	0	0	0	0	0	4	0	0	1	0	1	2
2037	11.15	11.20	10.46	78	59	24	6	15	5	4	3	5	4	0	1	2	2	2	1	0	4	2	2	0	3	4	0	3	1	0	0
2038	13.10	12.20	0	10	5	0	0	0	0	3	2	0	0	1	0	0	1	0	0	0	0	0	1	0	0	2	0	0	0	0	0
2040	14.25	14.00	13.50	4	3	2	1	0	0	2	0	0	0	0	0	0	0	0	0	0	0	0	0	0	0	1	0	0	0	0	0
2042	12.00	12.00	0	1	1	0	0	0	0	0	0	0	0	0	0	0	0	0	0	0	0	0	0	1	0	0	0	0	0	0	0
2043	6.00	6.00	0	1	1	0	0	0	0	0	0	0	0	0	0	0	0	0	0	0	0	0	0	1	0	0	0	0	0	0	0
2062	8.00	0	0	1	0	0	0	0	0	0	0	0	0	0	0	0	0	0	0	0	0	0	0	0	0	0	0	1	0	0	0
2063	17.75	17.75	16.00	4	4	2	1	0	0	1	0	0	0	1	0	0	0	1	0	0	0	0	0	0	0	0	0	0	0	0	0
2071	13.89	13.75	13.00	9	8	4	1	1	1	0	1	1	2	0	0	1	0	0	0	0	0	0	0	0	0	0	0	0	0	0	0
2072	11.52	11.41	10.65	77	59	23	4	5	5	4	6	1	5	4	2	5	1	3	4	2	2	1	0	10	0	2	0	1	0	1	1
2073	12.27	11.92	14.00	15	12	2	1	2	0	0	1	0	4	0	1	0	0	0	0	0	0	1	0	1	1	0	0	0	1	0	0
2074	13.63	14.00	0	8	6	0	0	2	0	2	0	0	0	2	1	0	0	0	0	0	0	0	0	0	0	0	0	0	1	0	0
2075	13.00	12.80	12.50	8	5	2	2	1	0	0	0	0	1	0	1	0	1	0	0	0	0	0	1	0	0	0	0	0	0	1	0
2076	15.06	14.71	14.86	18	14	7	2	0	0	4	1	0	3	1	1	1	0	0	0	0	0	0	1	0	2	0	0	0	0	0	0
2077	14.25	13.33	12.00	4	3	2	0	0	0	0	0	0	0	0	0	2	0	0	0	0	1	1	0	0	0	0	0	0	0	0	0
2078	14.00	14.00	0	1	1	0	0	0	0	0	0	0	0	0	0	0	0	0	0	0	0	0	0	1	0	0	0	0	0	0	0
2088	13.00	13.00	13.00	1	1	1	1	0	0	0	0	0	0	0	0	0	0	0	0	0	0	0	0	0	0	0	0	0	0	0	0
2105	10.00	10.00	10.00	1	1	1	0	0	1	0	0	0	0	0	0	0	0	0	0	0	0	0	0	0	0	0	0	0	0	0	0
2107	13.00	13.00	0	1	1	0	0	0	0	0	0	0	0	0	1	0	0	0	0	0	0	0	0	0	0	0	0	0	0	0	0
2108	12.62	12.91	13.37	47	32	19	3	5	5	5	1	1	3	1	0	3	0	5	1	0	1	0	1	0	2	1	4	1	0	1	0
2109	12.15	11.76	12.64	27	21	11	3	3	2	4	0	2	2	0	1	1	1	0	2	0	0	2	1	0	0	0	0	1	0	0	0
2110	13.11	13.29	12.00	19	14	3	1	4	1	2	0	2	1	1	2	1	1	0	0	0	0	1	2	0	0	0	0	0	0	0	0
2111	12.78	12.57	12.73	59	42	22	4	5	9	5	3	5	0	2	0	3	1	1	2	3	0	0	0	2	0	1	0	3	0	0	1
2112	13.79	13.56	13.29	43	32	17	6	2	1	3	2	0	1	1	2	4	1	1	2	0	2	2	2	1	1	1	1	3	0	0	0
2143	12.94	12.93	12.22	80	67	41	13	5	7	1	1	4	2	4	3	2	3	7	1	0	2	2	3	0	5	3	0	2	1	0	0
2144	12.83	12.80	12.00	94	66	29	11	5	7	8	8	6	6	4	2	3	2	3	3	2	3	4	0	0	2	1	4	1	0	0	0
2146	13.80	14.00	14.00	5	2	1	0	1	0	0	0	0	1	1	0	0	0	0	0	0	0	0	0	0	0	0	0	0	0	0	0
2147	13.29	12.90	12.33	17	10	3	2	4	0	3	1	0	1	1	0	0	0	0	0	0	0	0	0	0	1	1	0	0	1	0	0
2148	14.14	14.00	14.00	7	5	4	2	0	1	0	1	0	1	0	0	0	0	0	0	0	0	0	0	0	0	0	1	0	0	0	0
2149	12.00	12.00	0	1	1	0	0	0	0	1	0	0	0	0	0	0	0	0	0	0	0	0	0	0	0	0	0	0	0	0	0
2180	12.88	12.86	12.40	34	29	10	0	4	4	2	5	1	1	3	0	3	3	0	0	0	1	0	0	0	0	2	0	1	0	0	0
2181	22.00	22.00	0	1	1	0	0	0	0	1	0	0	0	0	0	0	0	0	0	0	0	0	0	0	0	0	0	0	0	0	0
2184	13.80	12.92	12.88	15	12	8	1	1	4	3	1	0	2	0	0	1	0	0	0	0	0	1	0	0	0	0	0	0	0	0	0
2216	21.50	21.50	0	2	2	0	0	0	0	1	0	0	0	0	0	0	0	0	0	0	0	0	0	1	0	0	0	0	0	0	0
2292	17.00	17.00	17.00	1	1	1	1	0	0	0	0	0	0	0	0	0	0	0	0	0	0	0	0	0	0	0	0	0	0	0	0
2332	5.00	5.00	0	1	1	0	0	0	0	0	0	0	0	0	0	0	0	0	0	0	0	0	0	0	0	0	0	0	0	0	0
2481	7.00	7.00	0	1	1	0	0	0	0	0	0	0	0	0	0	0	0	0	0	0	0	0	0	0	0	0	0	0	0	0	0
	NaN	NaN	0	1	1	0	0	0	0	0	0	0	0	0	0	0	0	0	0	0	0	0	0	0	0	0	0	0	0	0	0