zsjCode	dojezdy_all	dojezdy_urgent	dojezdy_very_urgent	count_all	count_urgent	count_very_urgent	DUŠNOST	ÚRAZ	BOLEST BŘICHA	PÁD	NESP.NEURO. PŘÍZ.	JINÉ POT.AK.	STENOKARDIE	JINÉ POT./ZH.STAVU	PO KOLAPSU	BEZVĚDOMÍ	NEVOLNOST	BOLEST ZAD 	PSYCHÓZA	NAPADENÍ	INTOXIKACE	SOMNOLENCE	KRVÁCENÍ	DN	HYPERT.	ARYTMIE	BOLEST DK	TEPLOTA	KŘEČE/PO KŘEČI	K PORODU	BOLEST JINÁ
1520	10.52	10.49	10.05	97	76	38	9	6	10	6	12	5	5	3	0	5	2	2	5	2	0	1	2	2	4	3	2	1	1	0	2
1538	9.35	9.25	8.36	38	29	10	3	3	3	4	2	0	2	1	1	0	3	0	2	1	2	2	3	2	0	0	2	0	1	0	0
2585	8.23	8.23	8.50	14	14	6	2	0	0	1	1	1	0	1	3	1	0	1	0	0	0	1	0	0	0	0	0	1	0	0	0
14133	7.10	7.13	7.37	41	32	14	4	5	3	2	1	2	2	2	1	1	2	4	2	0	1	1	0	2	1	0	1	0	0	0	1
20362	11.49	11.68	11.37	32	24	11	3	8	0	6	3	0	2	2	0	2	0	1	0	1	0	0	1	1	0	0	0	0	0	0	0
29955	10.17	10.14	9.94	56	54	26	7	5	5	4	4	1	5	0	1	1	3	0	1	2	0	2	1	1	3	3	0	1	2	0	1
29963	9.99	9.31	9.57	17	13	5	1	4	0	0	1	1	1	0	1	0	0	2	0	0	0	0	0	5	0	0	0	0	0	0	0
33332	9.82	9.65	9.50	179	139	49	14	14	14	19	13	14	9	7	4	3	11	3	7	1	2	3	3	2	4	3	3	1	1	1	3
43770	9.41	9.19	9.28	273	214	96	25	29	24	25	13	12	9	13	5	7	5	12	7	6	5	7	4	6	6	1	4	9	1	7	3
43788	8.21	8.14	8.06	459	353	154	53	45	30	32	16	25	34	16	17	16	9	16	12	7	12	5	12	11	5	12	4	8	4	5	4
43796	10.97	10.97	11.69	8	8	5	2	3	0	0	0	1	0	0	0	1	0	0	0	0	0	0	0	0	0	0	1	0	0	0	0
52396	11.54	12.23	10.36	18	16	9	1	3	0	2	2	0	2	1	0	2	1	0	0	0	0	0	1	0	0	0	0	1	0	0	0
52400	12.71	12.79	12.06	22	17	7	2	2	1	3	2	0	0	0	1	1	1	3	0	0	0	3	0	0	0	0	0	0	0	0	0
65447	13.99	13.77	13.70	150	109	52	14	14	12	16	7	6	6	4	6	9	2	2	4	3	3	2	5	3	3	2	2	5	2	1	1
68501	11.51	11.45	11.13	58	48	22	3	6	8	5	4	3	2	4	1	6	0	1	0	0	2	1	0	1	1	1	1	2	1	0	0
68594	11.88	11.68	13.23	114	88	44	10	10	11	12	8	1	5	5	2	8	1	4	2	4	3	1	2	2	4	1	1	5	1	2	0
68608	11.70	11.70	0	2	2	0	0	1	0	0	1	0	0	0	0	0	0	0	0	0	0	0	0	0	0	0	0	0	0	0	0
72621	12.97	12.32	14.29	17	14	7	3	4	1	1	1	2	0	0	0	0	0	2	1	0	0	1	0	0	0	0	0	0	0	0	0
76074	10.69	11.52	9.35	10	8	2	0	2	1	1	0	0	0	2	0	1	1	0	0	0	1	0	0	0	0	0	0	1	0	0	0
83968	13.72	13.87	12.96	32	24	11	2	2	5	2	3	0	0	2	1	1	0	1	0	2	0	1	0	0	1	0	0	0	1	0	1
83976	10.47	10.56	10.50	40	38	15	4	4	2	1	3	4	4	0	1	4	5	0	0	1	0	1	0	0	2	0	1	0	1	0	0
86428	11.32	11.25	10.59	30	26	7	5	3	3	3	3	3	0	2	0	1	3	0	2	0	1	0	0	0	0	0	0	0	0	0	0
102326	15.66	14.90	13.22	11	10	5	3	1	0	1	0	0	0	1	1	0	0	1	0	1	1	0	0	0	0	0	0	1	0	0	0
120987	10.81	10.66	10.15	83	68	24	8	15	2	1	8	1	6	10	3	2	2	5	2	1	0	3	2	1	2	1	1	0	0	1	0
126993	6.52	6.49	6.19	897	696	225	45	144	37	80	25	38	39	18	76	49	31	14	24	51	51	33	5	15	5	5	6	3	16	3	3
127001	6.42	6.44	5.59	106	80	20	7	14	2	10	3	4	3	1	13	3	9	2	2	7	3	4	0	2	0	1	0	0	5	1	0
127019	6.30	6.19	5.74	465	338	126	35	62	19	48	10	21	10	10	34	30	15	8	15	34	27	14	4	8	4	7	9	5	2	1	3
127027	6.70	6.70	6.45	615	451	127	37	103	31	60	13	34	18	10	53	23	17	7	12	40	39	30	6	3	6	2	5	1	17	0	3
127035	5.89	5.83	5.70	677	506	164	47	78	32	69	32	30	30	14	56	29	31	5	14	24	25	18	3	12	12	16	13	7	15	3	3
127043	6.21	6.09	5.93	118	92	35	11	13	9	6	10	4	3	0	4	5	9	2	6	5	6	2	0	5	0	1	3	1	1	1	3
127051	6.42	6.44	6.23	1007	764	252	67	151	49	71	29	34	54	17	70	40	37	20	50	49	38	26	4	10	10	10	20	9	31	3	4
127060	5.75	5.77	6.27	16	11	4	0	3	0	0	1	0	1	0	3	1	0	0	0	1	0	1	0	0	1	2	0	0	0	0	0
127078	6.23	6.21	6.12	1102	836	239	84	169	50	92	50	44	55	33	77	30	47	19	35	39	35	42	9	6	10	25	10	8	23	4	5
127086	5.76	5.71	5.75	431	324	105	30	60	29	35	20	18	28	6	23	9	15	6	19	13	11	9	5	8	3	13	0	4	5	2	4
127094	6.63	6.68	6.70	207	155	42	8	34	10	17	5	12	7	3	14	7	11	6	10	8	5	5	4	4	1	2	2	1	5	0	2
127108	7.05	7.24	6.87	83	64	26	3	13	7	18	2	2	5	2	1	4	4	1	3	0	2	2	1	3	1	1	1	2	0	1	0
127116	7.40	7.20	6.65	27	16	6	1	4	1	2	0	0	0	0	3	0	0	2	2	0	3	1	2	0	1	0	0	0	0	0	0
127124	6.06	6.02	6.29	48	35	14	2	7	3	3	1	2	3	0	9	1	1	1	1	0	0	1	0	3	0	2	1	1	1	0	0
127132	6.07	6.09	5.80	122	94	30	9	16	5	13	4	6	10	4	17	4	5	3	2	1	2	1	1	5	1	1	0	2	2	0	1
127141	6.52	6.39	6.39	321	253	72	17	53	15	32	8	14	12	9	28	14	20	5	9	8	4	8	2	12	0	4	7	2	8	1	2
127159	5.00	5.10	4.05	9	8	2	1	1	0	1	0	0	0	0	2	0	2	0	1	0	0	0	0	1	0	0	0	0	0	0	0
127167	6.13	6.05	6.08	346	267	105	37	45	27	22	12	13	10	8	14	19	5	5	12	24	16	11	1	5	2	3	5	3	4	5	5
127175	6.06	6.02	6.28	620	447	183	66	70	46	62	14	24	21	16	42	26	17	11	18	29	25	8	13	10	6	6	11	7	11	3	5
127183	4.49	4.40	4.59	482	368	126	25	73	30	37	13	22	26	13	35	16	14	7	20	20	15	11	12	15	8	8	7	2	8	2	7
127191	NaN	5.34	5.27	333	251	94	30	40	21	20	22	11	13	7	21	10	10	10	17	12	10	3	5	11	6	5	6	3	2	3	4
127205	6.36	6.34	6.34	189	137	48	7	19	11	18	6	7	10	7	15	9	6	3	5	4	8	4	3	5	2	6	4	2	6	0	4
127213	6.36	6.25	6.10	242	191	62	19	24	16	16	8	8	13	4	9	13	10	2	21	14	8	5	5	7	1	5	4	1	6	1	3
127221	6.42	6.32	6.01	224	165	50	11	31	5	18	14	10	16	7	14	9	5	6	11	10	10	6	5	5	2	2	3	0	7	1	3
127230	6.72	6.75	6.66	117	90	27	9	10	7	12	8	10	6	2	5	4	5	2	4	3	4	2	0	1	1	7	1	0	0	1	2
127248	6.43	6.42	6.54	154	111	37	10	22	13	25	11	9	4	9	3	4	3	5	2	4	2	5	2	2	1	5	0	0	1	3	1
127256	6.21	6.14	6.11	326	240	93	36	41	19	26	9	19	13	9	15	3	10	9	13	10	16	3	8	4	5	3	4	8	0	5	1
127264	6.32	6.24	6.43	187	145	59	15	19	19	17	13	10	6	13	4	4	9	4	6	1	1	4	11	1	7	2	8	1	0	0	1
127272	6.40	6.44	6.61	411	304	122	37	36	32	42	24	24	12	20	11	12	13	11	8	12	14	6	6	8	12	13	4	6	6	3	5
127281	6.26	6.23	5.87	83	60	25	8	8	9	9	4	4	5	9	3	4	0	1	1	1	1	1	2	0	1	1	1	1	0	1	1
127299	5.60	5.53	5.64	168	128	44	8	19	11	19	11	11	4	4	10	4	8	5	7	8	2	3	5	3	2	0	4	1	0	1	0
127302	4.69	4.79	4.84	148	110	44	11	13	9	14	12	4	3	3	11	8	5	9	5	5	7	1	0	8	4	2	3	0	1	0	0
127311	4.39	4.36	4.34	381	292	106	42	45	24	25	22	15	16	18	18	8	11	11	9	10	10	8	4	14	3	5	7	7	8	2	5
127329	4.89	4.79	4.72	296	240	64	17	45	12	33	13	9	9	8	29	8	12	4	11	5	8	10	1	14	4	2	4	4	7	3	3
127337	6.35	6.30	6.17	237	173	72	20	25	13	30	14	9	16	3	9	4	7	9	6	5	6	9	11	7	3	1	6	3	0	3	3
127345	7.48	7.58	7.83	69	53	16	4	7	7	4	7	2	3	5	4	2	1	4	4	0	2	2	1	1	1	2	0	3	0	0	0
127353	7.18	7.20	7.07	337	272	119	48	19	25	26	22	14	18	22	4	17	8	7	10	4	4	11	7	1	5	8	2	4	4	1	2
127361	6.31	6.51	6.94	79	59	23	7	7	7	3	1	5	6	3	5	2	1	4	3	3	1	2	1	4	0	0	0	2	3	1	0
127370	6.06	6.11	6.17	225	186	62	16	16	19	12	18	12	17	9	14	5	9	6	5	4	8	4	4	6	1	2	4	2	2	1	2
127388	5.92	5.78	5.66	319	239	89	15	41	26	20	9	13	13	13	13	15	11	6	25	15	15	3	3	4	4	5	2	5	7	5	6
127396	5.67	5.63	5.98	262	207	73	21	26	22	17	10	14	12	7	13	4	8	10	24	6	8	10	1	3	5	1	4	5	1	2	1
127400	6.52	6.52	6.44	483	379	146	46	46	46	28	30	15	25	14	21	16	23	10	22	23	15	7	6	10	1	1	5	5	6	4	6
127418	6.15	6.17	6.09	326	261	114	24	35	33	18	10	11	18	16	16	10	11	11	5	5	7	2	6	5	3	6	6	8	4	8	4
127426	7.21	7.17	7.05	365	284	138	50	28	31	30	27	12	16	15	10	12	9	11	8	4	6	6	12	4	5	1	8	7	4	2	5
127434	8.32	8.38	8.21	136	97	39	14	21	8	7	9	7	6	6	3	4	2	4	9	5	2	1	1	1	3	1	4	2	1	4	1
127442	NaN	NaN	NaN	169	119	49	12	23	15	12	9	8	7	5	5	4	7	6	4	3	3	3	6	2	7	7	5	1	2	2	1
127451	8.49	8.35	8.03	339	248	98	37	22	21	32	24	18	11	29	6	12	7	9	8	1	8	7	11	6	10	3	8	7	2	4	3
127469	7.82	7.74	8.02	94	76	47	11	6	14	5	7	3	5	4	2	5	0	2	0	0	0	3	3	2	1	0	2	4	1	2	1
127485	6.90	7.15	7.53	16	13	3	2	4	0	0	2	0	0	0	0	0	1	0	1	1	1	0	1	0	0	0	0	0	0	0	0
127493	5.45	5.43	5.43	328	246	78	27	45	15	42	6	18	9	16	21	12	11	5	15	8	7	2	9	4	5	7	2	2	7	1	2
127507	5.57	5.56	5.48	187	137	42	14	22	17	20	8	11	11	4	10	5	8	2	4	4	5	6	5	1	4	3	3	1	4	0	1
127515	5.37	5.40	5.60	231	172	69	26	19	13	28	12	10	10	9	16	7	5	8	5	4	8	5	3	2	7	2	2	2	5	1	3
127523	5.71	5.75	6.00	182	140	53	12	20	13	25	13	6	8	7	3	6	6	3	3	6	4	3	5	5	5	4	2	3	2	4	2
127531	5.52	5.53	5.42	438	350	136	33	44	41	25	16	12	20	21	21	11	18	12	17	12	16	2	11	9	4	4	5	6	5	6	7
127540	5.89	5.92	5.79	321	250	101	31	31	28	24	16	19	14	10	9	7	13	13	14	7	7	9	9	8	3	3	0	5	5	1	5
127558	6.19	6.21	6.21	308	228	105	27	29	33	29	15	10	12	10	13	6	13	10	8	4	12	7	8	2	5	4	4	6	5	7	3
127566	6.32	6.31	6.20	318	248	104	20	29	28	23	20	14	16	8	11	8	15	14	10	12	8	5	7	5	6	3	6	5	3	6	2
127574	6.36	6.41	6.23	124	99	48	10	15	12	9	5	4	5	3	8	8	3	5	4	3	3	3	2	0	2	1	0	4	1	0	3
127582	6.44	6.42	6.17	174	144	66	6	16	21	15	7	5	13	4	2	7	5	9	5	8	7	2	3	10	0	1	0	1	1	7	2
127591	7.43	7.42	7.14	341	262	110	42	15	34	20	21	32	15	17	15	11	14	6	6	5	4	2	7	4	8	20	4	4	2	0	3
127604	6.94	6.78	7.06	116	91	48	18	8	10	5	6	4	9	3	6	6	2	5	1	1	1	3	1	2	1	1	2	0	0	3	2
127612	7.34	7.25	6.85	216	171	87	30	13	23	11	11	8	13	13	8	8	5	9	1	3	5	6	5	6	4	2	3	3	1	0	5
127621	7.58	7.41	7.01	295	237	92	25	24	23	27	15	17	13	18	27	10	5	8	8	4	9	8	4	3	5	8	5	1	4	3	3
127639	7.90	8.08	8.13	45	33	15	7	8	3	3	5	1	1	2	2	0	0	3	0	0	1	0	0	0	2	2	0	0	1	2	0
127647	8.16	7.99	7.46	356	272	128	40	27	29	22	25	9	22	19	13	12	11	14	6	5	8	6	9	2	11	11	5	7	1	3	3
127655	6.79	6.92	8.39	22	21	8	2	1	0	1	1	1	1	2	0	1	2	2	1	0	0	1	1	3	0	0	0	0	1	0	0
127663	7.43	7.37	7.14	73	58	31	7	4	10	4	1	6	2	4	1	3	3	0	2	1	2	2	4	2	4	0	0	1	0	2	0
127671	5.94	5.80	5.58	53	44	23	7	6	5	1	1	2	4	0	0	3	1	2	4	0	1	3	2	0	2	0	2	1	0	0	0
127680	7.76	7.80	6.42	23	19	9	3	5	2	1	1	1	0	0	0	1	0	1	2	0	0	0	0	1	0	1	1	0	0	0	0
127698	7.42	7.32	7.09	131	107	54	20	8	13	10	4	8	6	6	3	6	4	5	5	0	1	2	5	0	3	0	4	1	1	0	1
127701	7.71	7.75	7.44	117	95	34	15	11	12	10	4	9	8	8	8	3	3	3	1	3	0	2	1	1	0	1	1	1	0	2	1
127710	8.22	8.21	7.59	92	65	18	12	5	5	12	8	6	1	7	4	1	1	2	4	4	2	0	1	0	1	0	1	1	0	1	3
127728	7.48	7.36	7.25	364	289	115	34	39	23	22	26	18	16	13	23	20	10	12	16	7	8	3	8	3	10	7	3	1	5	5	1
127736	7.97	7.97	7.71	231	179	80	25	16	20	18	16	18	14	6	7	3	10	16	5	7	2	1	6	1	4	1	4	3	1	3	0
127744	7.75	7.90	7.19	85	65	24	7	7	6	4	9	3	7	4	2	2	4	5	1	1	1	1	0	1	3	2	2	1	0	1	0
127752	8.08	7.85	7.36	230	182	79	16	18	12	13	16	14	19	3	12	11	10	9	7	1	3	3	3	6	7	6	8	4	2	3	3
127761	8.44	8.36	7.72	256	208	91	31	24	21	14	19	8	12	12	5	11	10	6	6	7	8	5	6	1	2	1	5	3	2	4	4
127779	6.65	5.89	5.41	9	7	3	0	1	0	1	1	2	1	0	0	0	0	0	0	0	0	0	0	1	0	0	0	0	0	0	0
127787	6.99	6.91	6.44	152	121	54	28	9	6	8	7	13	8	9	8	7	2	1	5	3	2	5	3	1	3	4	2	1	2	2	3
127795	6.85	6.81	7.18	20	14	6	2	1	2	0	2	0	1	0	1	3	0	0	0	0	1	0	0	5	0	0	0	0	0	0	0
127809	6.81	6.79	7.10	266	202	97	35	15	26	20	18	10	12	10	12	11	7	12	5	8	3	2	11	2	8	5	5	1	2	2	1
127817	7.19	7.28	7.32	155	114	50	18	9	6	6	3	10	17	9	6	5	2	4	1	3	3	2	5	6	7	5	1	1	1	1	3
127825	7.11	7.14	6.92	173	131	62	24	10	15	14	5	11	9	10	8	9	5	3	10	1	2	2	6	0	5	4	2	2	0	1	3
127833	7.14	7.14	7.17	136	109	41	12	7	6	11	11	6	9	10	4	5	6	6	10	0	0	2	7	2	3	4	4	1	3	1	1
127841	9.02	9.27	10.19	34	27	12	4	3	1	0	2	2	1	3	1	1	0	1	1	1	2	0	0	0	2	0	0	0	0	3	2
127850	8.37	8.46	8.44	127	94	39	17	15	8	9	4	5	11	9	1	3	4	5	1	1	2	3	0	2	2	3	3	4	0	1	0
127868	6.81	6.54	6.75	54	47	21	11	3	4	0	3	4	4	3	1	2	0	3	3	0	1	2	0	1	0	2	0	0	0	0	0
127876	6.63	6.68	6.31	107	88	48	14	13	9	9	6	5	4	4	1	7	1	5	1	2	0	0	4	0	2	3	1	2	1	0	0
127884	6.77	6.70	6.79	218	179	84	34	14	22	11	15	12	18	10	8	6	5	6	3	3	4	3	3	2	0	9	3	2	1	3	2
127892	6.99	6.93	6.93	127	95	34	8	11	12	11	13	6	4	5	5	2	3	3	3	3	3	1	4	2	3	4	3	1	2	1	1
127906	7.89	7.84	7.65	212	157	61	23	25	17	22	7	8	6	14	8	8	7	5	8	11	7	0	1	2	3	3	1	2	3	1	2
127914	7.80	7.74	7.29	41	32	13	2	7	4	1	4	0	2	0	4	2	2	1	1	0	1	1	1	0	0	2	1	0	0	0	0
127922	6.82	6.63	6.39	200	160	59	16	21	16	10	9	12	15	13	9	4	9	6	4	4	4	5	3	6	5	6	0	3	4	0	2
127931	6.91	6.84	6.88	517	403	155	61	40	39	31	36	23	34	13	21	15	18	19	14	14	14	7	8	6	8	16	5	7	4	2	4
127949	7.04	7.11	7.12	129	99	34	8	12	10	15	8	8	6	6	5	1	6	3	4	2	4	2	2	1	3	3	2	1	4	0	1
127957	6.67	6.63	6.41	261	204	74	27	26	15	17	16	8	19	15	8	8	14	10	8	7	5	7	4	2	2	4	4	4	4	2	3
127965	7.41	7.33	7.01	553	413	198	83	52	44	44	25	15	33	23	17	21	12	12	9	8	14	17	12	5	15	6	8	12	3	8	6
127973	7.21	6.98	7.01	63	49	21	6	12	5	4	2	2	3	1	4	3	2	3	1	3	2	0	0	2	0	0	2	2	1	1	0
127981	8.12	8.31	9.20	14	12	5	2	2	0	0	0	1	0	0	1	0	1	2	1	0	0	0	0	0	0	0	0	0	1	0	1
127990	7.42	7.20	7.02	249	191	90	31	14	25	33	20	9	13	8	7	9	6	5	7	1	7	7	6	2	5	3	5	1	1	2	3
128007	7.28	7.29	7.56	52	41	17	1	3	5	2	4	6	5	1	2	1	1	0	0	0	0	0	1	0	1	11	0	0	0	0	0
128015	7.45	7.48	7.79	59	42	16	6	10	4	8	5	2	4	5	3	1	1	0	1	1	0	1	1	0	0	1	0	0	0	0	2
128023	8.42	8.49	7.67	66	53	17	4	7	1	10	7	1	2	3	5	3	6	0	0	0	1	2	2	1	2	0	2	0	0	0	1
128031	8.48	8.22	7.78	35	28	19	3	2	5	2	1	1	3	1	1	1	0	2	0	1	0	0	0	0	3	0	0	2	0	2	1
128040	6.43	6.52	7.30	51	35	11	1	7	1	7	0	3	3	0	4	3	1	1	4	2	0	0	0	2	0	0	0	1	3	2	1
128058	7.99	7.93	8.04	435	332	149	59	26	32	32	22	21	22	32	13	14	20	13	8	8	6	3	9	3	9	19	5	9	3	2	6
128066	7.57	7.57	7.61	273	202	96	29	20	37	34	7	14	16	14	5	12	6	7	4	1	3	9	7	4	7	4	7	0	4	0	2
128074	7.64	7.65	8.00	173	130	53	21	17	15	19	13	16	4	7	5	3	6	4	6	4	2	1	3	2	3	1	3	1	1	2	3
128082	8.76	8.67	8.54	39	31	16	7	3	4	2	1	3	3	1	0	0	1	2	3	0	1	0	0	0	0	0	2	1	0	1	0
128091	7.80	7.43	8.11	20	17	5	1	2	1	2	1	0	2	1	3	0	0	0	0	0	1	0	1	2	0	0	0	0	0	0	0
128104	10.03	9.93	0	3	2	0	0	3	0	0	0	0	0	0	0	0	0	0	0	0	0	0	0	0	0	0	0	0	0	0	0
128112	4.55	4.65	5.87	69	50	18	4	6	4	3	2	3	2	4	1	2	2	0	2	3	1	0	1	4	3	1	2	2	0	1	2
128121	4.85	4.84	4.83	275	205	82	29	19	20	24	13	15	11	17	5	9	11	6	10	3	3	3	5	5	8	6	7	3	3	1	2
128139	6.53	6.53	6.49	94	73	24	4	16	5	9	4	1	3	3	3	2	7	2	4	1	6	1	2	6	1	1	2	0	1	1	1
128147	5.75	5.72	5.43	146	105	37	10	26	4	14	8	6	7	0	9	6	4	7	2	3	4	2	2	8	3	2	1	1	4	1	2
128155	6.16	6.18	6.17	242	183	77	27	25	25	17	14	10	16	8	8	9	6	5	9	1	7	3	0	3	4	6	5	5	5	0	4
128163	6.49	6.38	6.55	246	199	86	23	21	21	16	10	9	10	12	9	9	7	7	9	10	3	7	5	4	7	6	2	2	5	3	2
128171	5.85	5.92	5.68	281	219	87	21	30	26	20	13	6	12	8	13	2	9	9	13	5	8	5	10	7	5	6	3	9	3	3	5
128180	6.37	6.21	6.18	13	10	4	2	1	1	0	1	2	0	0	0	0	2	2	0	0	1	0	0	1	0	0	0	0	0	0	0
128198	6.53	6.48	6.50	352	265	116	32	27	33	30	20	18	15	15	8	12	10	6	14	12	7	7	10	5	2	5	10	5	3	6	6
128201	7.45	7.46	7.32	747	581	229	101	51	42	54	62	33	47	37	16	27	26	14	33	10	14	16	20	4	7	19	11	8	12	10	12
128210	6.98	7.01	6.54	178	140	59	21	18	12	7	14	10	11	3	6	9	7	3	3	4	5	2	4	6	2	3	4	3	3	1	1
128228	5.78	5.58	5.51	419	299	129	53	50	50	36	16	29	18	33	6	6	7	9	9	1	6	13	4	1	14	6	12	3	6	2	4
128236	5.93	5.90	6.18	381	300	135	44	39	35	25	20	18	21	14	11	11	16	11	12	7	7	5	7	7	12	11	4	7	2	5	4
128244	12.50	15.27	0	2	1	0	0	0	0	1	0	0	0	0	0	0	0	0	0	1	0	0	0	0	0	0	0	0	0	0	0
128252	7.47	7.39	7.48	321	236	110	48	28	27	29	14	9	13	22	9	10	11	4	8	3	2	12	8	2	12	7	3	4	3	0	3
128261	7.06	7.36	6.98	295	223	96	21	26	35	21	15	15	11	8	11	7	8	4	3	17	13	8	7	8	9	3	2	4	3	2	3
128279	7.67	7.62	7.80	144	120	51	17	6	7	16	8	5	8	9	6	8	7	5	10	0	4	2	1	8	4	1	3	1	2	1	0
128287	7.75	7.62	7.45	503	385	169	58	42	50	21	29	30	25	16	23	19	10	7	7	9	13	5	10	4	17	24	7	7	9	10	3
128295	7.19	7.22	7.07	208	158	66	26	14	16	14	16	6	9	13	9	7	11	3	3	7	2	6	6	1	4	4	3	2	4	2	5
128309	8.21	7.93	7.86	98	70	32	7	16	10	3	5	2	2	0	3	7	3	4	1	8	6	1	0	1	0	1	4	3	2	2	3
128317	8.91	8.94	9.32	118	88	37	12	13	8	10	2	7	8	5	5	5	4	4	4	2	2	2	3	2	1	5	1	1	2	0	2
128325	9.34	9.04	7.82	102	77	35	11	14	7	8	9	2	3	3	7	1	3	2	0	2	1	2	5	2	2	3	2	1	2	1	0
128333	10.62	10.62	0	3	3	0	0	1	0	0	0	1	0	0	0	0	0	0	0	0	0	0	0	0	0	0	0	0	0	0	0
128341	9.27	8.96	9.02	18	17	6	1	4	1	0	0	1	0	0	1	2	0	1	1	0	0	0	0	1	0	0	0	0	2	1	1
128350	10.38	9.34	9.15	14	8	6	0	1	3	2	0	0	1	0	1	0	0	0	0	1	0	1	2	1	1	0	0	0	0	0	0
128368	9.63	9.70	9.03	60	50	16	6	3	5	1	6	4	1	4	2	3	3	1	2	0	2	4	0	1	0	0	0	1	1	1	2
128376	9.52	8.06	6.00	6	4	2	1	0	0	0	0	0	1	0	0	0	0	0	0	0	1	1	0	1	0	0	0	1	0	0	0
128384	11.11	11.11	8.97	7	7	1	0	0	0	0	1	0	2	0	0	0	1	0	0	0	0	0	0	0	0	0	0	0	0	1	0
128392	9.64	9.64	9.23	159	125	67	36	11	10	5	9	6	7	2	5	4	6	5	4	8	2	2	1	4	5	7	1	3	3	3	2
128406	9.58	9.62	9.86	202	160	77	30	8	21	12	10	11	9	14	6	7	2	6	6	6	3	4	4	2	2	3	5	5	2	1	5
128414	8.48	8.50	8.32	182	131	66	26	17	20	14	9	10	5	9	3	7	2	12	5	7	4	3	4	1	3	2	5	4	2	0	0
128422	8.78	8.78	8.90	95	73	40	15	5	11	9	6	4	3	4	2	6	3	2	3	1	1	1	1	1	1	0	1	4	0	0	0
128431	8.88	8.97	8.77	316	252	99	37	21	27	18	17	23	22	39	6	6	8	6	2	3	2	10	6	3	4	4	4	9	3	6	2
128449	9.73	9.98	10.20	28	22	13	0	3	4	3	1	1	1	1	0	1	0	2	0	0	0	0	1	0	2	1	0	1	1	1	1
128457	9.99	9.84	9.00	49	44	20	12	2	3	1	3	2	4	2	1	1	3	2	4	0	0	0	1	0	0	0	0	0	0	0	2
128465	9.90	9.87	9.64	227	188	89	25	14	18	12	14	9	12	7	8	8	9	9	9	6	6	6	6	0	4	4	2	6	1	3	5
128473	10.64	10.65	10.66	169	129	60	16	16	19	11	11	7	5	8	4	6	5	13	1	4	3	4	6	0	2	3	3	0	2	3	2
128481	10.82	10.73	10.85	76	60	26	10	6	7	4	6	3	4	3	0	2	5	2	2	1	0	1	1	0	2	1	4	0	0	0	2
128490	13.05	12.97	12.94	8	7	4	1	1	2	1	1	0	0	0	0	0	0	0	0	0	0	0	0	0	0	0	0	0	0	0	0
128503	10.11	10.74	9.90	20	11	7	3	1	2	3	0	1	0	0	0	0	1	1	0	2	1	0	0	1	1	0	0	0	0	0	1
128511	9.86	9.80	9.75	81	64	29	15	4	5	7	8	2	4	4	0	3	2	0	1	1	0	2	2	2	1	1	2	3	1	1	0
128520	10.03	10.51	11.06	30	22	10	3	5	1	3	2	1	0	0	0	2	1	2	1	3	1	1	0	2	0	0	0	0	0	0	0
128538	9.33	9.32	9.46	20	14	6	4	0	0	1	1	0	1	1	1	1	0	0	2	1	1	1	0	1	0	0	0	0	0	0	0
128546	10.09	10.91	13.61	12	9	2	1	1	1	2	0	1	0	0	0	0	1	0	1	2	0	0	0	1	0	0	0	0	0	0	0
128554	8.12	8.42	8.20	10	8	2	0	1	0	2	1	0	0	0	0	0	0	0	1	1	0	0	0	1	1	0	0	0	0	0	0
128562	8.69	8.55	8.97	22	14	12	1	1	0	0	0	0	1	0	0	4	0	2	0	3	3	0	2	1	1	0	2	0	0	0	1
128571	9.74	9.67	9.81	124	101	52	21	7	9	6	7	8	10	9	3	4	3	4	2	1	3	2	6	0	4	3	5	0	1	1	0
128589	9.07	9.04	9.06	232	174	79	26	21	18	11	10	9	12	9	12	6	1	8	11	5	3	4	4	5	7	12	7	5	1	2	1
128597	9.97	10.30	7.83	13	8	2	1	3	0	2	0	1	0	0	0	0	1	0	0	0	0	0	0	2	0	0	0	0	2	0	0
128601	9.23	9.08	9.09	120	95	44	11	6	10	10	6	2	4	6	5	1	3	8	4	2	9	3	3	1	3	4	3	1	2	1	1
128619	9.15	9.39	9.55	199	147	58	22	15	15	13	14	11	9	6	12	9	8	6	2	0	1	2	2	4	6	14	3	3	1	3	2
128627	9.01	9.17	10.00	45	31	8	3	7	1	6	1	2	1	3	1	0	2	1	1	2	0	0	0	5	1	2	1	1	1	0	0
128643	6.82	7.04	6.84	104	77	38	10	11	11	9	9	4	4	1	5	10	1	1	1	2	4	1	2	0	1	3	2	1	0	1	1
128651	5.54	8.16	11.37	6	2	1	0	1	0	1	0	0	0	0	0	1	1	0	0	0	0	0	0	0	1	0	0	0	0	0	0
128660	7.06	7.09	7.14	265	197	91	26	27	18	19	18	12	16	9	5	9	7	10	3	5	6	3	10	5	5	3	3	5	1	4	7
128678	6.79	6.72	6.45	184	143	59	20	19	14	11	13	13	5	11	4	8	4	6	4	3	2	3	3	2	1	3	2	4	4	3	4
128686	6.37	6.28	6.02	293	220	101	41	27	24	15	19	16	18	9	6	10	11	7	2	3	5	5	6	2	6	7	6	6	1	7	3
128694	NaN	NaN	6.28	67	55	22	13	5	2	6	6	1	3	2	3	5	0	0	4	1	2	1	0	1	0	0	0	0	1	0	1
128708	7.38	7.38	7.16	144	116	59	12	4	9	11	7	4	8	8	5	10	5	5	3	6	8	6	3	2	1	2	2	2	0	2	4
128716	9.13	9.19	8.92	24	20	11	5	2	1	1	2	1	1	0	0	2	1	1	0	0	0	0	2	2	0	0	0	0	0	0	0
128724	10.62	10.62	0	2	2	0	0	1	0	0	0	0	0	0	0	0	0	0	0	0	0	0	0	0	0	0	0	0	0	0	0
128732	6.74	6.94	7.21	171	131	52	23	16	7	17	15	9	5	3	3	7	4	7	5	7	4	2	3	8	5	1	1	2	3	2	2
128741	7.06	7.26	7.80	31	28	13	4	3	5	1	2	1	3	2	4	0	1	1	0	0	0	0	2	0	0	1	0	0	0	0	0
128759	8.18	8.38	7.38	13	10	2	0	0	1	3	3	1	0	0	0	0	0	1	4	0	0	0	0	0	0	0	0	0	0	0	0
128767	7.65	7.71	7.52	296	216	100	34	24	25	19	19	8	6	16	7	9	9	12	10	5	10	6	9	3	10	4	4	6	4	1	8
128775	7.10	7.05	7.03	86	61	32	11	5	3	6	2	1	10	3	6	1	1	1	0	0	2	3	5	1	2	4	2	1	0	2	0
128783	6.81	6.83	6.96	129	105	56	13	5	14	7	5	3	8	4	5	4	10	13	2	0	1	1	4	6	0	4	5	2	0	4	1
128791	6.30	6.17	5.69	205	155	83	20	24	26	19	8	7	7	6	4	6	5	3	5	2	5	0	4	7	2	1	3	5	3	1	1
128805	5.58	5.47	5.35	263	206	67	18	32	9	31	8	12	16	4	28	9	13	4	3	10	5	6	3	4	0	5	7	1	6	0	2
128813	5.44	5.36	4.95	362	278	95	29	31	22	30	11	9	14	5	28	11	21	9	19	22	15	14	5	4	6	4	10	0	9	5	2
128821	5.36	5.30	4.81	439	336	128	35	61	19	32	16	7	33	12	34	18	22	6	22	25	13	8	5	11	6	8	11	2	7	0	3
128830	8.54	8.34	7.97	83	62	26	10	7	9	7	4	6	2	2	5	4	3	2	2	3	3	1	0	1	0	1	2	0	0	2	0
128848	9.19	8.72	5.82	24	17	2	1	3	1	2	3	2	0	2	2	1	1	0	0	2	0	0	0	0	1	0	0	0	1	1	0
128856	9.16	9.10	8.72	45	33	13	4	5	3	3	2	4	3	0	3	2	3	0	0	2	1	2	2	0	0	1	1	0	1	0	0
128864	7.40	7.23	7.31	45	36	12	2	6	4	4	1	5	4	0	6	0	0	0	1	3	0	0	0	1	0	0	0	0	2	0	0
128872	7.83	8.21	8.09	11	9	4	1	2	1	0	0	0	0	0	0	1	0	1	0	0	0	0	0	3	0	0	0	1	0	0	0
128881	7.69	7.51	7.71	238	190	72	23	20	13	14	10	18	20	8	20	6	9	8	10	9	0	6	6	5	2	6	3	2	3	2	0
128899	7.43	7.65	7.46	9	6	4	3	0	0	0	0	0	1	0	0	1	0	0	1	0	0	0	0	1	0	0	0	0	1	0	0
128902	8.13	8.03	8.38	11	7	3	1	0	1	3	1	1	0	0	0	0	0	0	1	0	1	0	0	1	0	0	0	0	0	0	0
128911	6.72	7.02	6.66	34	25	8	2	4	0	6	0	3	1	2	2	3	1	1	2	0	1	0	1	1	1	0	0	0	2	0	0
128937	6.92	6.94	6.93	74	56	20	6	11	4	5	2	0	5	0	3	4	4	0	2	3	4	1	1	6	0	0	0	0	2	0	1
128945	7.07	7.24	7.16	61	48	21	10	4	4	2	1	0	5	3	5	1	3	3	3	0	1	1	1	2	1	1	2	0	2	1	1
128953	7.06	7.00	8.01	64	57	25	5	5	5	1	1	5	4	3	4	2	2	5	1	2	3	1	1	0	1	1	1	1	1	1	2
128961	6.98	6.58	6.24	25	17	7	5	4	0	0	2	0	1	0	1	1	1	1	1	3	1	0	0	3	0	0	0	0	0	1	0
128970	7.09	7.15	7.27	53	46	22	7	4	9	0	3	0	1	3	4	7	2	0	3	0	0	1	0	0	3	0	1	0	1	0	0
128988	7.29	7.16	6.70	67	53	18	7	4	1	3	5	1	0	8	5	3	2	6	1	0	3	2	0	1	1	1	2	0	2	0	2
128996	7.66	7.74	7.82	37	29	12	1	7	4	4	2	0	0	2	2	0	0	1	2	1	0	0	0	0	0	0	1	1	2	1	0
129003	7.10	7.07	7.18	262	216	104	23	18	28	14	13	14	14	9	12	12	8	18	4	4	3	3	2	4	5	8	3	4	5	3	5
129011	7.04	6.99	6.73	359	267	118	44	33	35	47	13	16	14	16	14	13	4	4	3	7	6	9	10	3	9	3	7	8	1	4	3
129020	6.94	6.80	6.39	148	116	48	21	13	12	11	6	12	10	2	7	7	4	5	2	5	4	3	1	4	0	4	0	0	0	0	1
129038	6.60	6.56	6.48	77	55	22	5	11	5	8	5	1	6	0	6	4	1	0	2	1	2	4	0	3	2	2	2	2	0	1	2
129046	5.59	5.40	5.09	214	166	44	17	28	8	14	11	9	7	6	23	4	13	3	4	12	12	4	1	2	3	1	1	0	6	0	3
129054	6.19	5.97	5.82	387	280	113	25	45	40	28	14	11	16	12	18	20	11	6	10	21	11	9	6	9	5	16	2	5	5	3	2
129062	5.23	5.15	4.91	250	195	64	14	29	15	20	12	11	7	4	15	11	9	8	11	28	5	8	0	5	1	2	4	3	3	0	0
129071	5.35	5.16	4.54	71	52	20	7	6	5	4	3	2	4	0	2	1	2	3	1	4	1	3	0	2	0	5	1	0	2	2	1
129089	4.85	4.80	4.92	89	66	21	5	11	5	5	2	4	3	4	2	4	4	3	2	5	3	2	4	5	0	0	0	0	1	0	2
129097	6.24	5.92	3.65	19	14	4	2	3	0	1	2	2	1	0	1	0	2	0	0	1	1	0	0	0	0	0	0	1	1	0	0
129101	6.97	7.19	8.51	65	50	10	3	13	0	6	1	1	4	1	6	3	3	0	3	0	3	1	0	6	0	1	0	0	2	2	2
129119	9.41	9.25	8.88	46	35	20	4	3	5	7	1	0	3	4	0	2	1	3	0	2	0	0	1	1	1	1	1	1	0	0	1
129127	9.27	9.22	8.72	119	90	46	9	4	18	2	7	13	7	4	3	2	3	2	2	0	3	0	2	0	7	2	4	4	1	1	2
129135	9.92	6.65	0	4	2	0	0	1	0	1	0	0	0	0	0	0	0	0	0	0	1	0	0	0	0	0	0	0	0	0	1
129143	9.59	9.47	9.18	62	48	17	5	2	4	4	3	1	3	5	0	1	2	1	14	2	2	0	3	0	1	0	1	2	0	1	0
129151	9.36	9.42	9.15	69	53	24	2	8	8	11	2	2	2	3	1	4	3	0	8	0	0	2	3	1	0	1	1	1	0	0	2
129160	8.76	8.71	8.05	29	19	9	4	3	0	1	0	1	2	1	2	1	2	2	0	1	1	0	0	1	1	0	0	0	0	0	2
129178	9.81	10.09	9.48	21	17	10	3	2	1	0	1	0	0	1	1	1	0	3	0	1	1	0	0	2	0	1	0	0	1	0	0
129186	8.67	8.98	8.05	9	6	2	1	0	0	1	0	0	0	0	0	0	1	0	1	1	0	0	0	1	0	1	0	0	0	0	0
129194	8.27	8.04	8.33	11	9	4	0	0	0	1	1	0	0	1	0	0	0	2	1	1	0	0	1	0	0	0	1	0	1	0	0
129208	11.12	11.28	8.68	9	7	2	1	0	0	0	3	0	1	0	0	1	1	0	0	0	1	0	0	0	1	0	0	0	0	0	0
129216	8.48	8.25	8.27	94	75	32	7	6	3	7	6	2	8	7	3	3	2	1	4	2	5	1	4	0	4	1	0	3	2	1	3
129224	7.91	8.13	7.86	31	25	8	3	4	4	6	0	2	2	0	1	0	2	1	1	0	0	1	0	2	0	0	0	0	0	0	0
129232	7.86	8.93	9.51	22	17	5	3	2	2	2	1	0	1	0	0	0	0	1	0	1	1	0	0	0	0	0	0	0	1	1	0
129241	8.70	9.27	9.72	10	9	3	0	1	0	1	0	1	0	1	0	0	0	2	1	0	0	0	1	1	0	0	0	0	0	0	0
129259	8.31	8.21	8.23	426	326	135	44	32	38	26	34	25	26	23	10	11	9	18	10	7	9	9	8	4	11	6	7	5	4	4	7
129267	8.37	8.33	8.16	295	223	108	41	18	25	30	21	18	11	13	3	9	12	12	6	1	2	2	8	4	6	6	7	4	7	1	2
129275	7.99	7.90	7.93	420	325	146	47	40	29	34	29	12	19	23	10	12	17	28	10	3	8	13	6	3	17	6	5	7	1	2	2
129283	7.44	7.52	6.47	108	88	24	5	13	4	4	8	11	5	6	4	2	3	5	1	1	1	2	2	5	4	1	2	0	4	3	1
129291	6.93	7.01	6.43	212	160	63	17	8	22	16	15	13	13	5	6	7	7	3	7	4	1	3	6	8	7	9	6	4	1	2	0
129305	6.68	6.61	6.64	192	151	64	18	16	14	14	8	13	5	15	8	7	3	10	10	1	4	4	4	2	5	5	5	1	0	2	1
129313	7.97	8.09	7.48	58	44	22	10	11	5	5	1	3	2	4	1	2	1	1	1	1	3	1	2	0	1	0	1	0	2	0	0
129321	6.97	6.85	6.51	178	140	67	21	17	17	13	5	13	8	8	8	8	5	3	7	2	3	2	2	1	3	4	1	1	1	4	1
129330	6.52	6.47	6.69	156	114	50	10	5	24	17	7	11	6	16	2	12	4	4	5	0	3	5	3	0	4	1	2	3	0	1	1
129348	5.80	5.37	5.31	37	26	12	4	2	4	3	2	4	2	0	1	2	0	1	1	0	1	2	0	0	4	0	1	0	0	0	0
129356	7.00	7.08	7.12	107	83	30	7	12	3	15	7	5	5	4	4	5	2	1	4	1	2	2	4	5	2	1	0	3	1	0	1
129364	5.72	5.77	5.50	265	204	73	23	23	15	29	16	15	8	21	9	9	7	7	9	1	6	7	8	0	12	1	5	5	6	2	3
129372	6.09	6.13	5.65	249	181	70	27	20	12	24	21	15	13	17	10	11	8	7	5	6	3	1	5	3	8	2	6	8	3	1	1
129381	5.66	5.68	5.24	224	170	79	22	20	17	14	11	7	11	9	6	11	8	10	6	4	3	3	9	1	12	3	2	1	1	4	3
129399	8.18	8.08	8.06	95	74	30	6	6	7	6	7	6	6	8	1	6	6	3	2	0	3	3	2	2	5	2	1	1	1	0	3
129402	12.46	9.76	11.52	3	2	1	0	1	1	0	0	0	0	0	0	0	0	0	0	0	0	0	0	0	1	0	0	0	0	0	0
129411	8.60	8.86	9.31	84	69	28	8	7	7	5	5	5	3	2	4	3	2	4	5	1	0	3	0	1	2	1	3	1	2	2	0
129429	8.72	8.68	8.84	80	61	28	3	10	6	6	4	3	7	4	1	4	3	6	2	0	1	2	2	2	1	4	1	0	0	0	2
129437	9.19	9.19	9.43	7	7	5	1	0	1	0	0	1	0	0	0	1	0	1	0	0	0	0	0	0	0	0	0	0	0	0	1
129445	10.44	9.82	9.30	30	24	15	7	4	3	4	1	3	0	0	0	0	0	1	0	0	0	0	1	4	0	0	0	0	0	0	0
129453	9.36	9.11	9.19	103	78	28	5	14	4	10	9	4	7	2	5	6	2	3	4	1	2	3	2	2	2	4	1	1	2	0	3
129461	10.25	10.53	10.25	10	8	2	2	1	1	1	1	0	1	0	0	0	0	0	0	0	0	1	0	0	0	0	0	1	0	0	0
129470	9.41	9.09	8.78	40	30	10	3	1	3	5	1	4	0	3	0	2	3	0	2	1	1	2	2	0	4	0	1	0	0	0	0
129488	8.39	8.44	7.85	9	8	5	1	2	1	1	1	0	0	0	0	1	0	1	0	0	0	0	0	0	0	0	0	0	0	0	0
129496	8.18	7.90	8.37	80	58	18	4	19	3	7	4	4	4	0	6	2	1	2	2	1	0	6	0	1	2	1	0	2	1	2	0
129500	7.84	7.80	8.01	329	234	90	29	31	27	31	22	13	13	21	7	6	12	13	6	0	13	9	7	2	10	8	8	6	2	3	3
129518	7.05	7.02	7.20	435	319	118	44	41	28	41	25	9	23	26	24	9	16	11	5	2	6	8	9	3	7	13	11	7	9	4	7
129526	6.81	6.73	6.64	254	193	81	32	26	21	24	11	10	11	15	8	14	8	5	3	4	7	9	8	4	6	3	6	3	0	1	2
129534	6.91	6.88	6.17	142	110	49	20	12	8	9	10	8	11	3	6	8	5	4	2	3	6	3	0	2	2	0	1	0	0	2	1
129542	5.54	5.45	5.19	77	59	21	7	8	1	8	1	1	3	2	13	5	3	2	0	2	1	2	0	5	0	2	0	1	2	0	1
129551	5.05	5.12	5.32	59	45	16	7	7	3	2	2	1	2	2	4	1	3	3	5	1	3	0	0	1	3	1	1	1	0	0	0
129569	7.23	7.31	7.34	184	128	39	9	39	14	14	7	10	5	5	8	6	6	3	4	3	7	2	1	6	5	7	3	0	3	3	2
129585	6.73	6.72	6.55	359	281	115	43	28	28	23	26	23	9	20	11	11	10	10	10	9	5	7	7	5	10	7	9	8	4	3	2
129593	7.27	7.23	7.11	400	317	120	38	28	28	36	26	34	16	28	13	15	12	8	12	4	11	6	8	5	4	5	4	4	5	3	7
129607	6.73	6.84	7.25	100	76	34	8	9	6	8	8	2	9	4	2	3	4	1	1	4	5	1	1	4	2	2	3	1	1	0	3
129615	6.57	6.91	6.43	64	46	13	3	2	2	7	5	3	3	0	4	2	2	2	0	3	0	4	0	12	0	0	0	0	3	0	0
129631	7.49	7.59	7.19	131	100	46	13	10	9	25	5	4	7	9	7	7	3	2	1	3	2	0	4	5	1	2	1	0	2	0	0
129640	6.02	5.98	5.23	66	47	12	9	9	3	10	1	2	1	4	3	2	1	1	1	1	1	2	0	0	2	0	2	0	3	0	1
129658	8.98	9.19	9.55	87	69	35	13	6	7	6	5	5	3	3	1	6	1	1	1	4	4	3	0	0	1	1	3	1	1	2	0
129666	8.42	8.43	8.26	280	227	108	37	13	27	18	14	20	12	14	9	8	4	8	6	8	5	6	8	3	1	1	6	1	2	3	5
129674	8.84	8.88	8.70	393	301	140	56	26	31	32	19	20	20	18	9	11	12	18	11	2	5	8	8	2	9	8	9	10	4	6	1
129704	9.09	9.24	8.96	82	64	32	13	9	8	5	3	5	4	3	4	5	2	1	1	1	2	1	2	0	1	0	1	2	3	1	0
129712	8.17	8.09	8.04	152	122	53	21	7	12	11	7	10	10	9	5	8	4	1	4	2	3	11	3	2	4	3	0	1	2	1	0
129721	8.44	8.38	8.03	70	58	31	8	6	6	4	4	1	5	1	2	5	1	2	1	2	2	1	2	3	0	0	0	0	2	0	1
129739	11.54	11.54	8.86	8	8	2	0	1	1	1	1	0	0	1	0	0	0	0	0	0	0	1	0	0	0	0	0	0	0	0	0
129747	8.47	8.36	8.94	20	16	4	0	7	1	0	2	1	1	0	0	2	1	0	1	0	0	0	0	2	0	0	0	0	0	0	0
129755	8.64	8.60	9.00	167	123	48	9	20	18	16	11	6	8	8	3	6	8	4	3	1	0	4	3	0	6	1	5	2	2	1	2
129763	9.55	9.21	8.77	19	17	10	1	1	1	1	1	1	1	0	1	2	1	0	0	0	1	0	1	0	1	0	0	0	1	0	0
129780	6.43	6.32	5.85	103	77	31	13	11	2	8	3	10	3	6	6	8	1	2	2	1	2	2	4	2	2	2	3	1	1	1	0
129798	7.93	8.04	8.38	96	74	40	8	9	12	11	1	5	5	5	3	6	0	2	1	4	2	2	4	1	2	2	0	0	1	0	0
129810	8.90	9.04	8.58	171	133	65	26	11	13	7	14	5	3	12	6	8	1	7	4	1	2	3	5	7	5	4	3	2	1	1	3
129828	9.67	9.41	9.14	44	37	19	0	4	3	1	0	2	5	1	3	4	3	0	2	0	0	1	0	7	0	2	0	0	0	0	0
129836	9.94	9.94	9.97	3	3	1	0	0	1	0	0	1	0	0	0	0	0	0	0	0	0	0	0	1	0	0	0	0	0	0	0
129844	8.69	8.62	8.44	80	67	24	4	5	8	8	7	3	2	2	3	3	3	1	8	1	1	3	0	5	2	2	1	0	0	1	1
129852	8.71	7.06	7.51	4	3	2	0	0	0	0	0	0	0	0	0	2	0	0	0	0	0	0	0	0	0	1	0	0	0	0	0
129861	12.30	12.64	12.81	8	7	3	2	2	1	0	0	0	0	0	0	0	0	0	0	1	0	0	0	0	0	0	0	0	1	0	0
129879	11.69	11.53	11.08	105	85	36	10	9	13	6	8	3	6	5	6	5	3	2	1	1	1	3	5	1	4	2	0	3	0	1	0
129887	9.85	9.02	11.22	10	6	1	1	3	0	1	1	1	1	0	0	0	1	0	0	0	0	0	0	0	1	0	0	0	0	0	0
129895	10.05	9.97	9.88	15	13	4	4	3	0	2	2	0	0	0	0	0	1	0	1	0	0	0	0	0	0	0	0	0	0	0	0
129917	12.11	11.91	10.79	16	12	4	1	2	0	4	2	0	0	2	0	0	0	2	0	0	0	0	0	0	0	0	0	0	0	0	0
129925	11.28	11.51	0	6	5	0	0	0	0	0	0	1	1	0	0	0	0	0	0	0	0	0	0	0	0	0	0	0	1	1	0
129933	11.54	11.44	11.71	47	36	9	4	4	4	3	3	4	1	5	1	0	3	1	2	0	1	1	1	1	1	1	0	0	0	0	2
129941	11.50	11.55	11.11	67	59	27	4	9	6	4	1	0	7	0	8	2	7	2	3	1	1	2	2	0	1	2	1	0	0	0	1
129950	11.25	11.14	10.75	14	11	4	2	2	1	1	0	1	0	0	0	0	1	0	0	0	0	0	0	0	0	1	0	0	1	1	0
129968	11.61	11.52	11.70	81	65	30	12	9	9	5	2	4	3	1	4	4	2	5	1	2	0	2	1	1	1	1	1	1	0	0	1
129984	11.48	11.55	11.38	107	84	38	12	12	6	6	8	6	5	3	5	5	2	2	0	3	5	1	2	0	5	1	2	1	1	2	1
129992	11.67	11.65	9.83	7	6	3	0	2	3	0	0	1	0	0	0	0	1	0	0	0	0	0	0	0	0	0	0	0	0	0	0
130001	13.24	12.84	11.27	16	13	5	2	0	0	1	3	1	1	3	0	2	0	0	0	0	0	0	1	0	0	0	1	0	0	0	0
130010	12.56	11.76	11.76	4	3	3	1	2	0	0	0	0	0	0	0	1	0	0	0	0	0	0	0	0	0	0	0	0	0	0	0
130028	12.57	12.58	12.64	112	83	45	13	5	11	14	6	6	6	6	4	10	2	3	2	2	0	1	4	0	2	1	2	1	0	0	2
130036	11.79	11.68	10.90	38	32	12	2	5	5	2	2	3	1	2	0	2	1	1	2	1	0	2	0	0	0	1	0	0	1	0	1
130044	10.27	10.38	10.93	21	20	2	0	5	1	1	1	2	0	1	2	0	1	1	0	0	0	0	0	2	0	0	0	0	3	0	0
130052	11.66	11.66	10.82	4	4	2	0	0	0	0	2	0	0	0	0	1	0	0	0	0	0	0	0	1	0	0	0	0	0	0	0
130061	8.06	8.04	7.93	57	49	26	5	6	6	3	2	2	0	1	1	3	2	2	2	5	1	0	2	2	0	0	0	1	0	0	1
130079	7.55	7.60	7.48	570	430	185	61	49	48	54	28	28	30	31	13	15	19	12	16	8	5	20	21	6	12	11	13	11	8	5	4
130087	6.84	6.76	6.45	544	424	173	65	42	46	35	35	30	27	24	24	22	17	11	12	6	11	13	12	11	7	12	9	8	6	7	8
130095	5.83	5.84	5.51	217	174	59	17	16	12	18	14	8	6	7	19	15	8	6	9	5	8	7	3	8	1	5	0	1	3	1	0
130109	6.39	6.50	5.90	124	94	38	17	10	6	9	4	6	2	2	6	1	3	7	10	5	3	2	3	5	2	3	0	2	1	4	1
130117	5.98	5.92	5.57	193	136	53	14	24	12	16	11	8	6	5	3	9	8	3	4	12	12	3	1	7	2	3	3	8	3	2	1
130125	5.67	5.59	5.28	508	393	169	49	53	45	47	26	20	19	19	20	19	12	12	13	12	12	11	10	8	13	13	3	6	5	7	8
130133	5.66	5.57	5.23	371	291	119	33	42	23	30	21	19	17	25	13	20	9	16	10	11	5	6	3	4	3	8	7	4	6	3	3
130141	5.69	5.68	5.49	273	202	80	27	25	19	17	15	13	17	11	12	6	13	8	6	10	10	4	3	7	3	4	3	3	2	2	6
130168	6.25	6.18	5.36	280	209	71	20	56	15	23	14	8	8	9	14	11	4	5	6	6	14	8	6	2	5	8	1	4	3	5	0
130176	8.59	8.16	6.95	18	13	4	0	8	1	2	0	0	0	0	2	1	0	0	0	0	0	0	0	1	1	0	0	0	0	0	0
130184	9.88	9.94	9.46	46	31	9	3	13	1	11	2	0	2	0	2	0	2	0	1	0	1	0	0	0	1	0	0	0	0	0	0
130192	9.94	9.92	9.45	70	52	23	9	8	5	6	2	4	3	2	3	1	3	2	1	0	2	1	0	2	0	3	0	4	0	3	0
130206	9.35	9.06	9.64	16	13	5	1	2	1	1	2	0	1	0	0	2	0	1	0	0	1	0	0	2	0	0	0	0	0	0	0
130214	10.07	10.16	9.70	25	18	6	0	2	1	4	1	1	1	0	0	1	1	3	2	1	0	1	0	1	0	0	1	0	1	1	0
130222	7.35	7.57	7.30	8	6	3	2	0	1	1	1	0	1	0	0	0	1	0	1	0	0	0	0	0	0	0	0	0	0	0	0
130231	6.38	6.36	6.16	74	63	23	4	13	5	4	1	5	2	0	2	4	3	3	13	3	1	0	0	3	0	0	0	0	1	3	0
130249	5.98	5.91	5.25	173	131	37	9	20	4	11	3	8	4	6	8	11	8	2	16	19	8	2	0	8	0	0	2	1	5	2	2
130257	6.52	6.54	6.63	261	208	88	24	19	24	7	13	9	13	5	13	9	12	4	8	8	9	7	7	6	6	2	6	5	5	7	4
130265	6.26	6.19	5.94	295	226	102	27	14	28	21	16	17	19	7	9	11	14	11	3	7	7	6	3	3	5	8	5	4	2	4	5
130273	6.52	6.67	6.52	300	221	90	41	23	31	13	19	13	9	12	11	11	10	6	10	9	7	5	6	4	2	1	11	8	13	2	4
130281	7.04	7.04	6.83	224	173	83	23	17	25	13	12	8	8	5	5	7	13	8	6	8	4	2	8	1	4	1	3	3	6	2	3
130290	6.34	6.20	6.11	262	208	81	43	20	13	6	18	17	15	12	6	8	8	8	8	6	9	7	5	3	5	1	3	2	6	1	3
130303	5.44	5.57	4.95	152	114	49	12	21	14	13	3	4	5	1	6	7	4	4	3	8	7	3	3	9	2	7	1	1	2	0	0
130311	5.53	5.36	5.40	328	248	90	30	34	19	25	17	16	8	6	27	12	13	11	14	9	7	5	4	9	3	3	1	4	2	5	5
130320	6.16	6.15	5.36	148	109	27	12	37	6	8	2	8	2	6	13	4	6	0	2	2	4	4	2	6	3	0	2	2	0	1	1
130338	8.77	7.39	8.32	6	4	1	0	2	0	0	1	0	0	0	0	0	0	1	0	0	0	0	0	1	0	0	0	0	1	0	0
130346	8.13	8.08	8.32	26	23	11	3	2	0	1	3	1	0	2	0	2	1	2	0	0	0	1	1	0	0	0	0	0	1	1	0
130362	8.53	8.63	8.39	26	22	13	1	0	2	1	4	0	3	0	1	2	1	2	0	1	0	0	1	0	0	0	0	1	1	0	1
130371	8.66	8.55	8.34	291	187	86	46	18	19	40	11	7	12	19	8	7	6	6	10	7	5	6	6	2	19	5	3	2	3	3	6
130397	9.34	9.24	9.28	384	300	155	51	23	47	40	20	16	25	18	14	13	12	10	5	4	2	9	9	3	11	7	5	4	2	2	1
130401	8.22	8.07	7.92	83	67	34	18	3	2	6	4	3	3	8	3	2	4	3	3	2	2	0	1	3	2	3	3	0	0	0	0
130427	4.72	0	0	1	0	0	0	0	0	0	0	0	0	0	0	0	0	0	0	0	0	0	0	0	0	1	0	0	0	0	0
130435	6.78	6.66	5.60	93	72	27	17	8	4	7	7	7	5	8	2	2	7	1	1	0	0	3	3	0	4	1	0	0	0	0	0
130443	6.12	6.07	5.86	386	303	128	40	34	33	32	35	15	14	19	15	23	14	16	9	5	0	3	4	4	8	5	11	5	1	2	2
130478	6.55	6.46	6.60	226	171	58	21	23	11	21	12	15	9	11	6	11	6	2	11	6	7	5	7	6	6	1	2	2	5	2	1
130486	6.49	6.36	5.78	19	14	7	0	4	1	4	1	0	0	0	0	1	1	0	0	0	0	1	1	1	3	0	0	0	0	1	0
130508	7.33	7.35	7.19	357	270	122	40	24	22	40	18	12	7	10	19	19	17	12	10	5	10	5	11	4	9	12	6	1	2	1	8
130516	7.68	7.77	7.55	280	215	107	46	32	26	28	17	16	13	12	7	14	7	2	0	0	1	11	9	0	8	0	5	4	1	3	2
130524	7.36	7.58	7.60	51	38	19	14	6	2	1	5	2	2	3	0	1	1	3	1	0	1	0	0	1	1	2	1	0	0	0	0
130532	9.15	9.07	9.20	381	304	133	40	34	33	26	19	19	13	22	16	14	9	16	9	5	11	8	10	4	2	3	10	5	4	7	5
130541	8.81	8.87	8.87	117	95	41	14	8	7	10	7	9	1	4	1	8	2	1	4	2	4	1	5	0	1	0	2	1	3	4	1
130559	9.50	9.68	9.49	94	66	27	8	8	7	7	8	2	5	4	5	6	2	5	4	2	3	1	3	0	2	1	2	1	1	5	1
130567	12.67	12.67	11.78	7	6	4	1	0	2	0	1	0	0	0	0	1	0	0	0	0	0	0	0	0	0	0	0	0	1	0	0
130575	10.37	10.65	11.82	18	12	5	2	2	1	0	1	0	0	0	1	1	0	1	1	0	0	0	0	0	2	3	0	0	0	0	1
130583	9.45	9.45	9.64	28	21	13	3	3	2	4	1	1	1	1	0	3	1	0	0	1	0	0	0	1	0	0	0	1	0	1	2
130591	9.05	9.12	9.06	70	56	24	7	6	5	5	3	4	5	2	4	1	3	1	3	1	3	0	2	0	1	1	0	1	3	1	1
130605	7.62	6.62	7.78	10	8	2	1	2	0	0	1	0	0	1	0	0	1	1	0	0	0	0	0	0	0	1	0	0	0	1	0
130613	7.04	7.04	6.85	8	8	3	1	0	1	0	0	1	0	1	0	0	0	0	1	0	1	0	0	0	0	0	0	0	0	0	1
130621	7.33	7.45	7.23	132	104	50	19	12	11	12	4	6	10	5	3	2	2	5	3	2	1	1	5	2	1	1	0	2	0	1	0
130630	6.74	6.45	6.48	15	13	9	3	1	2	0	0	3	1	0	0	1	0	1	0	0	0	0	0	0	1	0	0	0	0	0	0
130648	6.11	6.09	5.91	59	47	22	5	7	5	7	3	1	4	3	3	2	0	2	1	0	0	2	2	0	3	1	0	0	2	1	0
130656	5.84	5.81	5.49	282	214	83	23	35	15	22	18	10	14	18	13	9	12	8	9	6	1	6	6	4	8	6	4	2	4	6	2
130672	6.23	6.21	5.97	106	79	29	5	10	8	10	4	5	5	6	3	7	5	1	4	2	2	1	2	1	0	2	0	2	3	4	1
130699	6.59	6.52	6.35	274	214	77	24	40	14	20	15	17	8	8	17	9	12	9	13	7	11	3	3	5	4	3	2	7	4	0	3
130702	7.11	6.93	6.63	223	179	77	20	31	10	10	13	4	8	12	6	17	6	5	9	4	6	8	2	3	2	3	7	2	0	7	6
130711	8.54	8.08	7.22	29	23	8	3	3	3	3	1	0	0	1	0	0	0	1	1	0	0	0	1	1	0	1	1	0	1	1	0
130729	7.42	7.09	7.83	19	15	5	2	3	2	1	0	0	0	1	1	1	0	1	1	0	1	0	1	0	0	2	0	0	0	0	0
130737	7.60	7.70	7.44	156	130	65	24	9	12	9	13	10	12	3	7	7	4	8	3	2	2	1	0	3	2	2	3	1	1	3	3
130745	8.85	8.90	8.91	270	213	89	28	21	27	13	21	19	12	15	9	10	5	8	6	6	4	3	4	3	3	4	5	4	2	5	8
130753	14.06	14.36	11.38	5	4	2	1	1	0	0	0	1	0	0	0	0	1	0	0	0	0	0	1	0	0	0	0	0	0	0	0
130761	10.74	10.89	10.20	41	31	6	3	5	2	4	3	1	2	2	3	0	2	1	1	2	0	2	1	1	0	0	0	1	1	1	0
130788	12.92	12.92	0	1	1	0	0	0	0	0	0	0	0	0	1	0	0	0	0	0	0	0	0	0	0	0	0	0	0	0	0
130800	8.70	8.44	8.04	18	17	3	1	2	1	1	0	1	1	0	1	0	1	0	4	0	0	1	0	1	0	0	0	0	1	0	0
130818	6.55	6.38	6.35	8	5	2	1	0	1	1	1	0	0	1	0	0	0	1	0	0	0	0	0	1	1	0	0	0	0	0	0
130826	7.28	6.99	6.17	17	14	6	0	0	0	1	0	2	0	0	0	2	1	2	1	0	0	0	0	6	0	0	1	0	0	1	0
130834	6.02	6.13	6.34	26	21	12	8	3	2	0	1	1	0	0	0	2	1	0	0	1	0	0	0	6	0	0	0	1	0	0	0
130842	5.89	5.75	6.02	19	14	7	1	2	0	2	0	0	0	0	0	2	0	1	0	0	2	4	1	2	0	0	0	1	0	0	0
130851	5.39	5.46	5.52	149	118	54	14	15	14	9	6	11	9	3	3	3	5	6	3	4	3	3	3	1	2	2	1	2	1	3	0
130869	6.06	6.15	5.36	91	75	23	9	9	7	5	3	12	2	10	2	0	7	0	1	0	3	3	1	1	3	0	0	0	0	2	1
130877	6.32	6.42	6.77	194	146	48	10	24	13	15	17	11	10	13	8	7	5	4	8	3	5	4	4	4	0	0	6	1	2	0	1
130885	6.74	6.71	6.68	53	43	21	5	9	3	6	0	2	4	3	2	1	1	1	0	1	1	1	1	1	0	0	0	5	0	0	2
130893	7.00	7.14	7.03	291	211	78	20	36	20	25	14	21	8	17	11	11	10	6	8	11	9	1	0	5	5	3	8	3	3	2	5
130907	7.90	7.83	7.78	355	273	93	29	28	21	32	15	15	11	12	12	16	17	5	23	17	10	12	6	7	3	5	7	2	8	5	4
130915	7.94	7.79	7.89	302	230	80	27	37	20	24	17	12	8	10	7	10	8	2	11	16	17	10	7	8	2	2	4	3	5	6	2
130923	8.39	8.28	8.39	30	25	8	0	7	3	1	3	2	1	2	0	2	1	2	1	1	0	0	0	1	0	0	0	0	0	0	0
130931	7.79	7.86	7.97	13	10	4	3	1	1	0	0	1	0	0	1	0	0	0	0	0	1	0	0	1	2	0	0	0	0	0	0
130940	8.63	8.62	8.61	130	101	52	22	6	10	7	7	9	4	9	5	9	2	3	2	3	4	0	3	2	3	1	2	3	0	0	0
130958	7.91	7.78	7.53	298	236	100	39	32	23	26	21	16	16	9	17	6	9	9	6	1	5	4	6	3	6	1	1	8	1	2	2
130966	7.23	7.25	7.15	456	369	143	49	37	41	21	17	21	29	16	27	9	10	16	29	19	10	7	7	7	3	3	7	7	12	3	4
130974	6.52	6.62	6.42	187	145	60	16	27	14	25	8	10	9	3	5	12	7	5	4	4	9	3	4	1	0	1	1	0	2	1	0
130982	6.56	6.55	6.73	203	150	41	10	36	10	19	8	7	5	2	10	11	8	6	8	5	7	5	5	5	0	0	2	1	7	3	2
130991	7.44	7.28	7.16	124	98	36	8	13	7	9	2	7	5	2	12	7	5	5	3	4	2	2	3	4	0	0	3	2	2	1	1
131008	7.85	7.81	7.78	97	79	26	7	18	4	5	6	6	7	1	1	5	3	2	4	0	1	2	3	9	1	0	1	2	0	1	0
131016	5.81	5.83	6.16	259	183	59	18	28	9	26	9	11	11	15	7	13	14	3	15	3	12	6	6	8	4	1	6	2	10	2	4
131024	7.32	8.12	8.79	16	12	7	3	0	1	1	0	0	3	0	2	0	0	0	0	0	0	0	0	3	0	0	0	0	1	0	0
131032	8.17	8.52	10.52	15	11	4	2	4	0	4	0	0	1	0	0	1	0	0	0	1	0	0	0	1	0	1	0	0	0	0	0
131041	7.41	7.42	7.07	116	91	31	4	11	6	13	5	6	7	7	2	3	7	3	2	0	2	4	5	5	2	1	2	2	4	4	0
131059	7.22	7.08	6.89	320	242	102	22	30	24	28	20	19	13	15	6	18	6	7	13	7	6	6	8	10	4	10	3	2	2	5	4
131067	7.43	7.40	7.22	60	49	20	6	2	4	7	2	3	7	2	3	2	2	2	3	1	3	0	0	2	0	0	1	1	0	0	2
131091	7.70	7.65	7.90	136	99	47	14	10	13	8	7	5	6	4	8	2	3	3	4	3	4	2	4	4	1	8	0	2	3	3	2
131105	7.51	7.41	7.14	97	78	36	11	8	5	3	5	5	6	5	2	6	7	4	3	3	1	1	1	1	1	1	1	1	0	2	2
131113	6.57	6.58	6.31	47	37	15	3	2	6	1	1	3	2	2	0	4	0	2	1	0	1	5	2	0	2	0	1	0	1	2	0
131121	5.97	6.06	5.92	117	95	36	14	7	6	7	6	9	2	5	5	6	3	2	6	3	0	1	3	4	2	4	1	0	1	1	5
131130	5.71	5.68	5.84	86	77	27	7	4	8	1	10	9	0	4	4	7	3	1	3	0	0	7	1	2	3	0	0	0	3	2	0
131148	5.57	5.52	5.39	442	345	139	57	34	34	33	20	31	19	23	15	9	10	17	8	7	6	8	7	10	6	5	10	5	10	6	8
131156	4.92	4.92	4.92	1	1	1	0	0	0	0	0	0	0	0	0	0	0	0	0	0	0	0	0	1	0	0	0	0	0	0	0
131164	6.98	6.28	6.47	17	12	3	3	1	0	0	1	1	2	1	0	0	0	0	0	1	0	0	1	2	0	0	1	1	0	0	0
131172	6.15	5.79	6.25	59	41	10	3	4	1	15	1	3	0	0	5	0	2	3	3	1	5	0	1	4	0	1	0	0	1	0	0
131181	8.34	8.34	8.64	6	6	5	1	1	1	0	0	0	1	0	0	0	1	1	0	0	0	0	0	0	0	0	0	0	0	0	0
131199	8.90	8.55	5.52	13	8	3	0	3	1	2	0	2	0	1	0	0	0	0	1	0	0	0	1	1	1	0	0	0	0	0	0
131202	10.12	10.06	8.89	19	13	6	1	1	1	2	0	1	3	1	0	1	0	1	0	1	2	0	0	1	0	0	0	1	0	0	0
131211	6.91	6.70	6.56	230	181	95	35	12	16	12	10	12	17	8	5	7	12	16	3	3	11	1	2	2	5	1	6	5	1	6	2
131229	7.25	7.07	6.69	103	81	42	13	3	9	6	6	2	7	3	9	4	3	6	2	3	1	2	3	0	0	5	3	3	1	1	0
131237	7.65	7.53	7.31	172	126	48	11	18	14	18	7	6	7	9	7	7	2	3	3	4	3	4	5	5	3	6	4	2	3	1	3
131245	8.34	8.62	7.77	47	36	10	2	5	3	4	1	6	1	5	2	0	1	1	1	1	0	1	1	1	1	0	1	0	1	0	2
131253	7.63	7.49	7.19	65	53	27	16	2	1	1	4	3	8	4	0	2	1	1	1	3	2	0	2	1	0	0	1	1	4	1	0
131261	8.61	8.58	8.67	183	141	76	18	12	24	10	4	10	11	1	3	2	9	7	6	9	7	0	4	2	1	4	2	4	2	6	1
131270	7.40	7.63	7.54	18	14	4	0	1	1	2	1	0	1	0	0	2	2	0	3	2	2	0	0	1	0	0	0	0	0	0	0
131288	7.52	7.45	7.51	428	334	142	47	43	29	45	12	23	14	12	19	22	14	12	9	9	11	4	10	6	9	1	7	6	7	4	2
131296	7.78	7.74	7.21	104	80	39	14	17	7	2	3	5	4	0	2	7	2	0	6	5	5	1	1	4	1	1	0	0	3	4	0
131300	8.16	8.21	8.00	342	266	113	39	34	19	28	15	13	13	16	10	14	17	17	11	13	11	5	4	11	4	2	5	1	4	2	4
131318	8.00	8.16	8.51	70	58	24	8	5	8	5	4	5	2	0	5	4	2	0	1	2	2	1	3	1	0	2	0	0	2	1	0
131326	8.38	8.34	8.47	138	95	31	12	22	11	11	6	8	4	6	1	3	4	3	4	6	1	3	1	7	3	3	1	2	0	2	1
131334	8.26	8.22	8.03	212	161	58	16	27	12	16	8	13	7	5	8	10	10	5	14	7	5	3	4	3	2	3	5	0	3	5	1
131342	8.25	8.15	8.07	230	171	69	19	27	17	22	9	12	11	11	6	7	9	8	8	4	7	8	6	3	2	0	3	4	4	7	3
131351	7.95	7.81	7.48	185	133	50	20	30	11	7	7	8	10	5	7	3	7	3	3	6	2	3	8	3	2	19	0	1	1	2	2
131369	5.72	5.88	6.21	57	47	25	10	3	7	2	2	2	3	1	1	0	3	1	1	0	0	3	4	0	0	2	0	0	1	1	2
131377	5.70	5.63	5.76	84	62	23	8	5	7	6	5	12	1	7	3	2	0	0	2	1	0	2	2	0	4	1	0	2	1	2	1
131385	5.71	5.59	5.37	399	318	125	38	41	23	27	32	28	24	21	9	6	12	16	14	10	8	6	9	1	5	6	8	6	3	5	5
131393	5.23	5.21	5.03	220	167	62	17	20	16	19	14	11	6	14	13	7	6	8	12	6	3	4	5	2	0	5	2	3	2	3	4
131407	4.11	4.12	3.99	728	573	234	102	50	59	25	43	58	49	41	26	24	17	10	15	10	8	12	23	7	19	30	14	10	9	3	4
131415	6.75	6.62	5.98	187	147	50	12	39	12	15	6	9	6	4	9	8	10	6	4	6	1	1	1	12	0	1	1	4	6	1	0
131423	7.66	7.57	7.89	45	35	16	1	6	4	2	3	1	9	0	2	0	0	0	5	1	1	0	0	0	0	1	0	0	2	2	0
131431	8.02	8.00	7.71	199	162	82	22	16	22	11	10	10	10	6	5	12	3	5	10	5	6	3	2	3	3	3	1	3	2	7	3
131440	8.94	8.60	9.20	38	30	18	3	3	5	1	0	1	1	3	1	4	0	3	2	0	1	0	1	0	0	0	0	1	1	2	1
131458	7.76	7.64	7.29	57	44	20	13	1	2	7	2	3	3	4	4	2	1	1	1	0	1	0	1	1	2	0	1	0	0	2	0
131466	7.13	7.06	7.08	79	64	15	6	10	2	6	3	2	2	4	14	3	5	1	1	5	0	1	0	4	0	0	0	0	1	1	0
131474	9.50	9.31	8.59	15	13	7	1	1	3	0	0	2	2	0	0	0	0	1	1	2	0	0	0	0	1	0	0	0	0	0	0
131482	9.74	9.84	9.22	34	27	14	2	1	4	5	1	1	3	0	0	3	2	0	0	0	2	0	2	0	1	0	1	0	2	1	1
131491	8.37	8.37	7.22	3	3	1	0	0	1	0	0	1	0	0	0	0	0	0	0	0	0	0	0	0	0	0	0	0	1	0	0
131512	9.96	9.59	9.87	43	34	20	4	6	2	0	0	1	3	2	1	3	2	2	0	1	0	1	3	0	2	0	0	4	0	2	0
131521	10.35	10.41	10.80	44	37	21	5	3	11	2	0	4	0	2	1	2	0	2	0	0	1	1	0	0	1	1	0	2	0	1	0
131547	10.79	10.73	10.49	23	19	9	3	1	2	1	0	0	1	1	4	0	1	3	2	0	0	0	1	2	0	0	0	0	0	0	0
131555	10.88	10.94	10.38	42	34	16	4	3	3	2	0	2	1	3	1	0	2	6	1	1	1	0	0	0	0	1	1	2	1	1	2
131563	9.33	9.08	8.71	92	73	30	8	7	5	3	7	7	4	7	2	6	1	4	1	3	1	4	3	1	0	2	0	3	3	1	0
131571	9.33	9.35	9.46	172	134	63	16	20	14	15	7	4	12	7	7	6	5	9	5	1	2	3	4	3	4	3	2	3	0	7	0
131580	9.80	9.70	9.60	12	10	8	1	0	2	0	0	0	1	0	0	0	0	1	0	1	1	0	1	0	0	0	0	1	0	0	1
131601	10.17	10.20	10.13	15	12	5	1	1	2	1	1	2	0	1	0	1	0	0	0	0	0	0	0	1	0	1	0	0	0	2	0
131610	9.87	9.79	9.72	127	104	49	12	9	12	9	10	3	8	4	6	7	5	7	2	1	0	1	1	0	5	3	1	3	1	1	2
131628	9.89	9.98	10.30	46	39	13	1	6	5	3	2	4	3	3	2	2	0	0	0	0	1	1	1	0	1	0	1	2	1	0	1
131636	10.24	10.69	10.42	7	5	3	1	0	2	1	0	0	0	0	0	0	0	1	0	1	0	1	0	0	0	0	0	0	0	0	0
131644	9.21	9.33	9.53	128	103	41	20	9	10	6	13	6	6	5	1	4	3	5	3	5	1	7	1	3	3	0	1	2	1	1	1
131652	8.93	8.93	8.36	6	5	4	1	0	0	1	1	0	2	0	0	1	0	0	0	0	0	0	0	0	0	0	0	0	0	0	0
131661	8.11	7.73	7.62	20	17	11	1	0	5	1	1	1	1	0	1	0	0	2	1	1	0	1	1	1	0	0	0	0	0	0	0
131679	6.41	6.44	6.40	161	122	60	32	16	13	10	11	4	7	5	5	4	6	3	4	2	1	3	1	2	3	2	6	3	0	3	2
131687	7.77	7.61	7.76	53	38	15	3	3	5	6	2	3	0	2	3	2	1	2	0	3	0	2	1	1	0	0	6	1	0	2	0
131695	7.70	7.91	6.31	15	12	6	1	0	0	1	1	1	1	0	1	2	0	1	0	1	0	0	0	0	0	0	0	0	0	0	0
131709	8.85	8.55	8.20	44	32	21	5	2	0	4	2	0	6	1	2	2	0	2	0	2	0	1	2	0	4	2	0	1	0	2	2
131717	6.80	6.84	6.65	5	4	2	0	3	0	0	0	0	0	0	0	0	0	0	0	0	0	0	1	1	0	0	0	0	0	0	0
131725	8.91	8.83	9.11	75	60	30	5	10	7	3	4	3	2	2	2	4	0	4	2	1	3	1	1	1	2	0	2	4	1	2	2
131733	9.19	9.30	10.50	25	22	9	2	5	4	1	0	1	2	0	1	1	0	0	0	0	0	0	1	0	0	0	0	0	2	1	1
131741	7.85	7.92	7.82	153	116	54	19	11	8	9	12	8	9	6	4	5	3	6	3	1	3	2	1	4	8	2	4	2	0	2	3
131750	8.64	8.51	8.47	21	17	13	6	1	0	3	0	0	2	2	0	0	0	3	0	0	0	1	0	0	1	0	0	1	0	0	0
131768	9.31	9.17	8.34	42	37	15	5	5	3	2	2	0	5	1	2	2	0	1	0	2	0	0	0	1	1	0	3	0	1	3	0
131776	9.22	10.08	13.98	5	3	1	0	0	0	0	0	0	0	0	0	0	0	0	0	0	0	1	0	3	0	0	0	0	0	0	0
131784	8.92	8.83	8.98	93	75	30	11	15	10	5	1	3	3	3	1	3	5	2	2	5	1	1	1	0	1	0	1	0	2	2	1
131792	8.55	8.56	8.55	299	219	77	32	32	17	24	17	14	7	25	6	14	7	9	6	6	7	5	6	9	1	6	7	5	3	4	5
131806	8.74	8.74	0	4	4	0	0	0	0	0	0	0	1	1	0	0	0	0	0	0	0	0	0	2	0	0	0	0	0	0	0
131814	10.25	10.25	8.72	39	31	10	3	2	2	4	3	4	3	0	2	0	1	0	1	0	0	1	1	4	2	0	0	1	1	0	0
131822	9.11	9.22	9.27	56	45	14	5	12	3	1	2	3	1	1	3	1	0	1	0	2	2	2	0	0	0	0	0	3	2	4	1
131831	9.96	9.63	9.82	34	27	8	3	4	3	5	3	2	2	1	1	1	2	1	1	0	0	3	0	1	0	0	0	0	0	0	0
131849	8.93	9.13	8.81	156	123	47	19	11	8	11	16	6	8	4	4	6	5	5	3	2	4	6	1	1	2	3	2	2	1	2	0
131857	8.52	8.68	8.85	27	19	9	1	2	4	1	0	0	2	0	1	1	1	0	1	2	0	1	0	4	0	1	0	0	1	1	0
131865	9.02	9.65	7.80	12	9	2	1	2	1	2	1	1	0	0	0	1	1	0	0	0	0	0	0	0	0	0	0	1	0	0	0
131873	8.89	8.85	8.80	297	227	98	25	14	33	22	22	9	17	13	7	8	16	13	9	4	8	6	11	1	9	5	5	6	3	4	4
131881	8.25	8.45	8.98	23	19	5	1	1	2	2	2	2	4	0	2	1	1	0	1	0	0	1	0	0	0	1	0	0	0	0	0
131890	9.12	9.03	8.98	624	456	201	70	42	66	75	23	42	20	47	16	28	11	15	11	8	4	17	16	5	24	2	10	12	3	7	10
131903	8.49	8.59	8.25	281	214	83	28	23	26	20	16	14	19	12	8	5	5	8	5	5	4	7	6	1	6	8	4	6	5	2	6
131911	6.16	6.43	6.39	126	90	28	11	14	1	9	5	2	3	5	4	4	10	3	5	8	2	2	3	4	1	3	1	5	3	3	3
131920	7.56	7.59	7.74	337	248	85	30	50	20	31	18	8	17	15	12	17	6	9	13	5	7	6	5	5	4	9	7	2	3	2	3
131938	8.33	8.20	8.07	267	195	76	21	27	21	27	24	11	6	8	10	9	5	6	14	6	4	7	5	0	7	11	3	2	5	2	5
131946	7.83	7.88	8.38	185	146	57	18	12	11	7	9	14	10	5	15	3	3	6	10	6	3	6	3	1	6	3	8	2	4	2	1
131954	7.45	7.51	7.57	323	248	107	44	24	30	17	19	19	11	15	15	6	7	11	11	5	10	3	6	9	8	7	9	4	3	1	4
131962	7.72	7.74	7.75	225	174	75	30	17	25	14	10	19	13	10	9	6	4	8	1	2	0	6	5	2	3	5	1	0	2	1	5
131971	8.11	7.93	8.00	150	112	43	13	21	11	10	5	3	9	8	8	10	4	4	3	6	4	3	1	3	1	1	3	1	2	0	0
131989	8.76	8.75	10.64	22	20	5	3	2	1	0	1	2	1	2	2	0	2	0	1	0	2	0	0	2	1	0	0	0	0	0	0
132004	10.14	10.51	10.57	23	19	10	2	4	2	1	0	1	2	1	0	2	0	0	0	2	1	0	0	1	0	0	0	0	1	1	1
132012	9.75	10.22	9.93	29	20	8	3	2	1	2	6	0	1	1	0	2	1	4	0	1	0	1	0	0	1	0	0	0	0	1	1
132021	11.72	11.72	10.43	5	5	3	2	0	1	0	0	0	0	0	0	0	1	0	1	0	0	0	0	0	0	0	0	0	0	0	0
132039	9.47	9.48	9.50	120	93	38	9	13	10	10	6	6	5	5	1	5	7	2	2	1	4	5	1	0	2	4	3	4	2	0	3
132047	9.74	9.67	9.72	323	237	94	35	34	27	23	20	21	17	17	8	8	6	12	5	6	8	4	6	2	6	7	5	2	2	8	5
132055	8.87	8.50	8.47	132	102	47	13	9	9	10	5	6	9	3	6	5	2	4	2	3	2	0	2	1	3	3	4	2	3	4	2
132063	9.08	9.13	9.00	178	153	75	21	9	21	11	14	9	7	9	7	5	4	6	6	1	2	4	8	1	2	2	4	7	1	2	3
132071	8.09	7.96	7.50	156	116	56	22	13	17	5	6	10	6	9	2	5	4	2	7	3	5	3	7	1	1	5	4	2	2	0	2
132080	8.50	8.76	9.95	53	40	15	10	5	3	1	2	1	3	2	3	2	4	1	0	1	2	2	0	0	1	0	0	1	0	2	1
132098	9.37	9.29	9.78	82	65	30	7	1	8	5	8	2	3	6	2	3	3	4	0	2	2	0	2	0	2	3	3	5	1	2	2
132101	9.13	9.22	9.25	224	167	61	31	15	21	18	12	11	14	13	7	6	8	5	3	1	2	11	3	0	1	10	6	0	3	0	0
132110	8.30	8.32	8.44	356	281	128	45	40	36	20	17	10	14	16	14	11	10	15	10	5	12	9	8	4	6	2	5	2	4	7	3
132128	8.42	8.31	8.45	104	83	42	11	9	11	10	6	5	3	8	2	6	3	6	3	1	0	1	3	2	1	0	2	2	0	1	1
132136	7.38	7.83	8.09	16	13	6	1	1	0	2	1	2	1	0	2	1	0	0	1	1	1	0	1	1	0	0	0	0	0	0	0
132152	6.98	6.89	7.23	61	51	17	3	10	0	5	6	4	4	3	0	3	1	1	2	2	1	3	0	3	0	1	1	1	0	0	1
132161	6.53	6.60	6.84	55	41	24	8	6	7	3	0	3	7	0	0	1	2	2	3	0	2	0	1	0	1	0	0	3	0	0	1
132179	6.97	6.89	6.75	30	20	14	8	3	2	2	0	1	2	0	2	1	0	1	0	0	0	0	1	4	0	0	0	0	0	0	0
132187	7.16	7.97	9.38	7	5	1	1	0	0	2	0	0	0	2	0	1	0	0	0	0	0	0	0	0	0	0	0	0	0	0	0
132195	7.22	7.25	6.87	118	90	34	10	17	7	5	3	9	4	12	4	9	3	1	0	3	3	1	4	5	1	1	0	1	2	1	2
132209	5.89	6.04	5.68	54	42	17	8	9	4	0	3	2	1	2	5	1	1	3	2	2	1	0	1	0	0	1	0	1	1	0	0
132217	5.33	5.35	5.04	89	63	26	12	4	8	9	10	3	2	6	4	2	0	3	3	0	0	1	0	0	4	2	1	1	0	0	2
132225	5.38	5.36	5.69	440	341	145	51	43	35	35	17	27	21	18	6	14	11	17	12	10	16	14	13	5	3	7	5	5	2	5	10
132233	6.56	6.43	7.18	66	56	19	3	4	8	3	5	4	6	5	3	0	2	5	1	1	1	0	0	2	0	0	2	1	1	1	0
132241	5.70	5.69	5.70	526	410	153	54	54	33	49	24	29	19	36	19	19	19	14	15	19	15	15	10	3	6	8	9	10	4	4	4
132250	5.03	4.97	5.02	310	224	94	33	30	31	22	18	14	6	17	13	9	7	11	6	6	6	5	3	6	5	7	9	7	3	3	4
132268	6.20	6.17	5.83	112	78	23	9	16	7	19	3	5	2	8	4	5	2	0	0	3	5	4	2	3	0	0	1	0	1	3	0
132276	7.01	6.96	7.64	26	21	6	1	5	5	2	0	0	2	3	1	0	0	0	1	0	0	1	0	0	0	0	0	0	1	1	1
132284	5.18	5.20	5.74	126	90	36	8	13	11	9	12	9	3	4	4	6	4	4	3	2	3	2	2	1	2	1	2	3	2	2	2
132292	4.65	4.68	4.85	320	256	97	32	37	26	23	9	26	16	13	23	12	5	7	9	8	6	6	6	3	3	5	3	4	3	2	3
132306	5.36	5.39	5.48	358	271	104	33	37	33	26	16	17	17	17	13	7	11	17	16	8	9	9	5	6	5	2	6	9	3	4	3
132314	5.82	5.83	5.92	147	106	38	14	21	7	11	8	8	2	8	1	7	7	4	4	0	5	9	3	4	2	6	2	2	0	0	3
132322	5.63	5.70	5.73	200	153	50	13	41	14	17	12	9	4	9	5	7	2	2	8	6	4	7	3	4	4	3	0	2	4	0	1
132331	5.25	5.15	5.38	257	198	77	32	28	18	22	18	10	8	16	4	11	11	6	7	4	3	4	11	2	3	1	4	3	2	2	1
132349	5.82	5.91	6.56	181	132	48	12	31	12	11	9	6	7	7	11	5	6	17	3	5	5	2	2	3	4	4	2	1	0	1	4
132357	5.21	5.24	5.36	217	169	54	21	17	12	18	9	12	10	12	8	5	9	6	10	2	6	10	6	4	3	1	1	2	2	1	3
132365	6.69	6.65	6.65	325	253	90	28	32	24	34	22	16	8	21	16	15	4	8	8	8	10	4	4	2	8	4	5	7	6	5	4
132373	6.56	6.59	6.60	310	229	85	22	25	20	26	20	17	14	14	14	7	16	14	9	4	10	7	4	1	13	9	2	4	5	4	6
132381	6.04	6.26	6.15	32	26	12	5	1	3	1	2	1	3	2	0	1	2	2	0	0	1	0	1	0	0	0	1	1	2	1	0
132390	6.03	5.95	6.22	67	55	22	6	6	2	6	3	2	0	2	8	4	4	2	0	2	0	1	3	2	1	1	0	0	0	2	1
132403	4.89	3.48	3.94	4	3	2	0	1	1	0	0	0	1	0	1	0	0	0	0	0	0	0	0	0	0	0	0	0	0	0	0
132411	7.17	7.06	7.21	196	152	61	20	14	16	10	12	11	5	16	4	4	8	5	7	5	2	1	3	1	7	4	3	1	4	5	3
132420	7.77	7.91	7.97	49	42	16	4	5	5	3	3	3	4	3	1	1	2	1	2	2	1	0	0	0	0	0	1	0	1	1	0
132438	8.09	8.07	8.24	564	439	186	70	38	43	38	38	40	31	24	23	21	11	19	8	6	9	7	21	4	13	8	3	11	5	6	9
132446	7.74	7.63	7.80	131	100	46	21	5	11	10	11	2	2	13	3	4	4	4	4	1	4	2	9	1	2	2	2	1	2	1	0
132454	9.22	9.19	9.27	536	387	159	63	50	41	57	35	24	24	41	8	15	13	10	7	4	6	23	17	3	19	4	11	10	4	1	6
132489	10.27	9.83	8.66	24	15	7	0	6	2	3	1	0	2	0	1	0	0	0	0	1	0	0	1	3	0	0	1	0	2	0	1
132501	9.46	9.47	9.22	87	76	36	10	9	7	3	3	3	7	4	5	6	1	4	1	2	1	4	0	4	0	0	0	0	0	0	1
132519	9.56	9.40	9.07	96	76	28	4	11	10	8	9	2	5	1	7	4	2	1	1	2	0	3	0	6	1	2	0	1	4	1	1
132527	9.59	9.70	9.17	18	12	4	1	2	1	0	1	0	1	1	1	0	0	0	0	2	1	0	0	1	0	0	0	1	1	1	1
132543	8.86	8.77	8.85	86	67	31	8	7	14	4	1	2	1	2	3	2	3	3	3	0	1	4	1	6	1	0	3	2	1	2	1
132551	9.06	9.14	9.25	11	10	5	2	0	0	0	3	0	1	0	0	0	0	1	0	0	0	0	1	0	0	0	0	0	0	0	0
132560	8.96	9.12	9.43	10	7	6	0	1	1	0	0	0	1	0	0	2	0	1	0	1	1	0	0	2	0	0	0	0	0	0	0
132578	8.48	8.49	6.41	14	12	4	0	1	0	0	0	0	0	0	0	1	2	0	0	0	1	0	1	2	0	0	0	0	1	2	0
132586	9.15	9.21	9.15	210	160	69	33	18	22	11	18	8	3	9	5	8	1	3	15	4	5	1	2	1	3	8	3	3	2	4	3
132594	9.17	9.15	8.65	232	178	93	32	18	20	17	18	8	9	9	2	7	6	7	8	6	4	4	9	1	6	2	2	12	0	3	3
132608	8.20	7.99	8.14	198	147	62	17	15	17	12	11	11	3	5	9	6	6	6	1	6	5	3	6	3	6	6	1	1	3	5	4
132616	8.47	8.31	8.29	154	123	54	20	14	16	9	14	7	10	5	9	4	3	5	2	1	1	2	2	1	0	5	1	1	0	3	1
132624	7.91	7.80	7.34	104	80	36	11	9	4	6	2	10	3	4	3	5	4	3	6	1	2	2	2	2	6	4	0	0	2	2	1
134376	11.99	12.33	11.12	13	11	4	3	1	1	1	0	1	0	1	0	1	1	0	0	0	0	0	0	0	0	0	0	0	0	0	0
138622	8.99	8.94	9.12	299	236	111	34	28	40	19	12	10	15	12	9	10	7	5	9	10	3	3	7	4	4	4	3	5	5	9	3
145246	8.46	8.47	8.28	453	355	162	60	40	38	13	26	21	18	21	12	12	14	15	15	12	12	8	9	4	12	5	4	16	7	14	4
145254	9.45	9.39	9.62	184	139	78	24	13	17	19	7	6	10	8	3	6	4	5	2	7	2	3	5	3	7	2	1	5	4	2	2
145262	8.39	8.45	8.76	95	71	32	12	9	9	4	5	1	4	6	2	1	2	3	3	2	2	1	2	0	3	2	2	6	0	2	0
145271	11.03	12.55	0	3	2	0	0	2	0	0	0	1	0	0	0	0	0	0	0	0	0	0	0	0	0	0	0	0	0	0	0
146137	9.38	9.42	9.46	73	57	20	6	10	6	8	1	4	5	6	1	6	2	0	0	2	0	4	1	2	2	0	0	0	0	0	1
150576	10.18	9.04	8.20	9	6	1	1	1	0	2	1	2	0	0	0	1	0	0	0	0	0	1	0	0	0	0	0	0	0	0	0
150584	10.13	10.07	10.17	73	66	30	8	7	10	6	3	8	1	1	1	4	1	4	2	0	1	3	0	1	0	0	1	1	2	1	2
150592	11.06	11.14	10.21	109	87	38	17	11	13	6	6	5	7	4	4	4	6	2	5	2	0	1	1	2	4	1	0	1	0	2	0
150606	12.29	12.63	11.68	17	14	3	2	0	0	0	2	4	1	0	1	0	1	1	0	0	0	0	0	1	1	0	0	0	0	0	0
155527	8.86	8.92	8.56	105	81	30	7	9	6	6	10	12	2	4	3	5	4	7	0	8	2	2	4	2	2	0	2	1	0	3	2
155535	7.20	7.81	6.86	29	20	12	6	2	2	3	0	1	1	1	1	1	0	1	1	0	0	0	1	1	0	2	0	0	1	0	0
155543	8.09	8.10	7.80	161	123	55	23	21	12	10	10	4	6	5	4	2	5	7	6	1	4	3	4	0	0	5	0	2	3	3	2
162124	9.89	10.16	10.14	34	28	15	3	4	4	2	1	2	2	0	0	3	3	0	0	0	4	2	2	0	0	0	0	0	0	0	0
162132	7.44	7.16	7.39	82	67	34	13	10	9	7	3	4	10	4	2	2	2	2	1	0	1	0	0	0	3	2	1	0	0	0	0
170348	11.52	11.52	10.30	4	4	1	0	1	0	0	1	0	1	0	0	0	0	0	0	0	0	0	0	1	0	0	0	0	0	0	0
170356	12.39	12.65	13.61	16	10	3	0	0	0	4	0	1	1	0	0	0	0	0	1	0	0	1	0	1	1	1	0	0	1	0	0
173398	10.16	8.52	6.79	8	6	4	0	1	0	0	2	0	1	0	0	2	0	0	0	1	0	0	0	0	0	0	0	0	0	0	0
173410	8.73	9.00	10.04	7	5	3	2	0	1	0	0	0	0	2	0	0	0	0	0	0	0	0	0	0	1	1	0	0	0	0	0
173428	7.22	7.44	7.89	378	291	107	37	46	27	29	21	19	9	10	15	12	16	9	16	14	9	4	8	15	7	5	6	7	6	3	3
173771	12.37	12.26	11.84	389	294	132	35	34	29	28	24	17	29	15	8	19	11	14	12	5	10	10	6	10	9	9	6	8	3	2	2
173983	7.54	7.59	7.71	126	101	47	20	13	9	5	5	7	8	4	5	4	5	4	3	2	0	2	1	3	1	2	5	6	2	1	0
173991	10.04	10.04	10.85	15	15	8	2	1	0	0	2	0	2	0	0	0	1	1	0	0	0	1	0	0	0	0	1	0	1	0	0
182371	10.82	10.81	10.57	182	153	70	27	14	13	11	13	4	10	10	11	9	0	10	4	6	1	4	1	2	2	5	2	3	2	2	0
191728	8.60	8.56	8.88	39	32	16	7	4	5	3	0	2	1	2	1	1	0	4	0	0	1	0	1	1	1	0	0	0	3	0	0
191736	9.09	9.06	9.18	270	211	110	34	17	32	26	8	17	8	8	7	8	7	13	2	4	6	4	4	7	3	3	7	2	3	3	6
191752	9.44	9.42	9.53	266	220	115	36	22	28	14	9	8	8	9	8	16	16	7	9	3	6	3	7	6	4	8	4	5	3	2	3
191761	11.05	11.41	9.95	30	25	10	2	2	2	2	3	3	5	1	0	2	2	1	1	0	0	0	1	0	1	0	1	0	1	0	0
193259	13.44	13.44	12.21	12	12	4	0	1	0	0	0	1	2	1	0	0	0	1	1	1	0	1	0	0	0	0	0	0	0	0	0
193267	9.71	9.79	9.47	195	159	71	20	17	26	7	19	12	10	11	4	3	5	10	0	3	2	3	7	2	3	3	3	1	0	1	2
198056	5.95	6.25	5.83	15	12	7	2	0	5	3	0	0	2	1	0	0	1	0	0	0	0	0	0	0	0	0	0	0	0	1	0
305758	5.14	5.31	4.99	11	8	3	0	2	0	1	1	0	1	0	3	0	0	1	0	0	1	0	0	0	0	0	0	0	0	0	0
305774	5.83	5.79	5.61	242	183	62	18	29	17	16	15	13	12	6	12	9	13	6	6	9	4	5	2	5	3	3	9	3	4	3	0
305782	6.42	6.45	5.93	22	16	5	0	3	1	2	0	0	2	0	0	1	2	0	4	3	1	0	1	0	0	0	1	0	0	0	0
305791	5.65	5.70	5.47	121	94	44	12	13	9	8	9	3	3	2	6	5	3	5	4	0	6	3	1	1	3	1	4	1	1	1	0
305804	6.02	5.79	6.75	19	17	5	0	5	3	0	0	0	1	2	0	0	0	0	0	0	0	1	1	0	0	0	0	0	0	0	0
305812	7.44	7.44	7.51	3	3	2	2	1	0	0	0	0	0	0	0	0	0	0	0	0	0	0	0	0	0	0	0	0	0	0	0
305821	7.83	7.70	7.48	43	36	12	2	3	2	6	3	1	2	0	7	2	2	2	0	0	3	1	0	0	1	1	0	0	0	0	0
305839	7.64	7.59	7.42	45	30	11	7	2	3	3	2	3	3	1	1	0	1	1	2	0	1	4	0	0	1	0	2	1	0	1	1
305847	8.26	8.59	7.57	19	15	6	1	1	2	2	0	0	2	1	0	1	0	0	1	0	1	0	2	0	0	0	0	0	2	1	0
305855	7.44	7.29	7.96	15	12	4	1	5	2	0	1	1	2	1	0	0	0	0	1	0	0	0	0	0	0	0	1	0	0	0	0
305863	7.63	7.68	7.47	228	171	75	17	24	26	8	14	8	12	5	12	8	10	9	7	2	13	3	0	1	6	2	8	11	2	1	1
305871	5.90	5.55	4.67	42	33	15	5	7	3	3	1	0	1	1	0	2	0	1	4	0	0	1	1	2	1	0	2	1	0	0	0
305880	5.06	5.09	3.96	47	40	12	6	3	2	6	3	1	0	1	2	3	3	0	1	2	1	2	1	0	0	0	0	0	1	1	0
305898	6.42	6.42	0	1	1	0	0	0	0	0	0	0	0	0	0	0	0	0	0	0	0	1	0	0	0	0	0	0	0	0	0
305901	7.68	4.45	0	3	2	0	1	0	0	1	0	0	0	0	0	0	0	0	0	0	0	0	0	0	0	0	0	0	0	0	0
305928	5.88	5.98	5.74	39	29	10	3	5	0	7	2	3	0	2	1	2	1	2	0	1	1	1	1	0	0	0	0	1	0	1	0
305936	6.72	6.72	6.30	8	8	2	1	1	0	0	2	0	0	1	0	1	0	0	1	0	0	1	0	0	0	0	0	0	0	0	0
305944	3.08	2.20	0	2	1	0	0	1	0	0	0	0	0	0	0	0	1	0	0	0	0	0	0	0	0	0	0	0	0	0	0
305952	5.58	5.72	6.26	13	12	6	2	2	0	0	1	0	0	0	1	1	0	1	0	0	0	0	0	1	0	1	1	1	0	0	0
305961	6.05	6.00	5.31	98	75	22	3	35	0	7	2	5	4	2	4	3	3	1	5	1	1	2	2	2	0	0	0	1	3	0	1
305979	6.66	6.61	7.19	32	25	10	3	4	2	1	4	2	3	0	2	0	1	1	0	1	0	1	2	0	1	1	0	0	0	0	0
305987	5.78	5.81	4.93	42	31	11	3	4	4	1	3	2	5	1	1	0	1	0	0	0	0	0	0	2	0	2	1	1	0	1	0
305995	4.90	4.92	5.94	32	23	7	2	4	0	3	2	0	7	1	1	0	3	1	0	0	0	0	1	1	1	1	0	0	0	0	0
306002	9.44	9.23	8.34	57	47	18	10	5	4	5	2	2	3	5	2	3	2	0	2	0	1	2	2	1	0	1	0	0	0	0	0
306011	8.99	9.05	10.87	29	22	3	0	9	1	3	1	2	0	0	2	0	1	0	2	2	1	0	0	1	0	0	0	0	0	0	1
306029	9.09	8.89	8.17	50	37	11	7	5	1	2	4	3	4	2	1	1	3	0	2	3	2	1	0	0	1	0	0	1	1	0	1
306037	10.12	8.90	0	2	1	0	0	0	0	0	1	0	0	0	0	0	0	0	0	1	0	0	0	0	0	0	0	0	0	0	0
306045	9.44	9.50	9.89	63	46	18	9	7	3	5	2	2	4	3	4	2	1	0	2	2	1	1	2	2	0	0	1	2	0	0	0
306053	6.89	7.02	7.03	443	343	150	53	40	41	27	26	23	23	18	8	13	11	15	10	10	14	14	13	2	10	9	7	4	4	5	2
306061	6.73	6.70	6.47	403	311	143	47	38	34	44	11	14	22	24	16	19	10	15	12	9	10	7	5	6	9	6	4	2	4	0	0
306070	7.28	7.22	6.78	463	359	146	64	33	35	30	34	24	20	32	18	19	17	12	9	7	6	7	11	3	8	12	7	3	2	5	1
306088	6.77	6.92	6.80	293	220	80	39	22	15	20	18	21	14	16	8	9	7	9	11	5	2	7	5	2	8	10	5	3	4	2	4
306096	6.33	6.36	6.66	389	276	111	47	34	23	40	17	23	21	20	8	8	11	16	11	7	8	6	7	1	5	9	4	8	3	8	1
306100	5.48	5.45	5.41	341	276	124	41	30	29	13	18	20	16	16	10	14	14	15	5	5	7	13	5	5	1	14	6	2	5	3	1
306118	7.51	7.48	7.35	204	161	68	22	17	13	18	17	8	14	13	7	6	8	6	5	3	3	4	2	3	5	2	7	0	0	1	5
306126	8.85	8.22	9.68	19	12	6	1	1	3	0	0	1	0	1	3	1	0	0	0	3	0	0	0	0	0	0	0	0	0	1	0
306142	13.65	0	0	1	0	0	0	0	0	0	0	0	0	0	0	0	0	0	0	0	0	0	0	1	0	0	0	0	0	0	0
306151	9.70	10.01	7.46	11	8	2	0	1	0	2	0	0	1	0	1	0	0	0	2	1	1	0	0	2	0	0	0	0	0	0	0
306169	9.23	9.15	8.90	107	84	36	19	12	11	9	9	3	3	2	5	2	2	1	5	3	1	0	0	3	1	2	2	2	2	0	0
306177	8.26	8.26	7.99	18	16	6	2	0	1	1	0	1	2	0	0	0	0	1	4	1	1	0	1	0	0	0	0	0	1	0	1
306185	7.91	7.73	8.74	13	11	4	2	0	0	2	1	2	0	1	1	0	0	0	0	0	0	0	2	0	0	1	0	0	1	0	0
306193	9.65	9.99	9.41	30	24	8	6	0	1	1	1	4	1	3	1	1	0	0	2	2	0	2	1	1	1	0	0	0	0	0	0
306207	7.05	7.05	7.05	1	1	1	1	0	0	0	0	0	0	0	0	0	0	0	0	0	0	0	0	0	0	0	0	0	0	0	0
306215	7.72	8.50	8.50	2	1	1	2	0	0	0	0	0	0	0	0	0	0	0	0	0	0	0	0	0	0	0	0	0	0	0	0
306223	7.90	7.77	8.00	357	265	115	41	32	38	33	13	23	24	18	10	12	6	6	10	7	6	7	4	1	9	4	3	4	5	10	5
306231	7.57	7.56	7.29	323	249	101	36	28	31	26	14	18	12	13	15	8	7	9	13	11	6	6	3	0	8	4	5	7	6	5	1
306240	6.98	6.98	6.89	34	30	15	6	4	3	3	4	0	2	0	3	2	1	0	0	0	0	1	1	0	1	0	0	1	1	0	0
306258	7.55	7.57	8.28	64	54	23	3	6	8	4	2	7	5	2	0	2	2	1	3	2	0	1	2	5	0	2	0	1	0	0	0
306266	10.17	9.81	10.11	35	23	9	4	8	4	3	1	3	2	1	0	0	1	1	4	0	0	1	1	0	0	0	0	1	0	0	0
306274	11.63	12.14	11.98	45	36	20	4	2	5	2	1	1	0	2	4	2	2	2	0	2	3	0	0	1	0	1	0	3	2	2	3
306282	7.12	7.09	7.14	88	72	25	6	10	9	8	5	7	2	5	5	4	3	2	3	0	0	2	0	2	2	0	3	1	0	0	1
306291	6.43	6.62	5.82	58	46	16	7	3	6	4	5	5	3	5	1	3	0	1	0	0	4	1	1	0	2	4	0	0	1	0	0
306304	8.53	8.51	8.15	32	27	13	4	1	0	1	3	0	2	2	4	1	1	2	0	3	0	0	1	3	1	0	0	0	0	0	0
306312	8.65	8.66	8.55	330	262	116	43	29	22	22	18	17	23	13	11	11	11	17	9	9	7	4	5	3	4	4	6	2	5	3	3
306321	8.44	8.44	8.44	3	3	3	1	0	0	0	0	0	0	0	0	2	0	0	0	0	0	0	0	0	0	0	0	0	0	0	0
306339	8.45	8.33	8.12	83	67	34	11	8	5	2	2	4	11	4	3	3	2	3	2	1	2	2	0	2	3	1	1	3	1	2	0
306347	9.48	9.51	9.09	251	194	80	23	16	21	14	17	11	20	15	13	8	12	11	7	2	3	3	3	3	4	8	2	5	1	5	2
306355	9.76	9.74	9.47	301	245	109	31	30	18	14	19	20	15	17	3	20	7	15	5	1	6	8	9	2	6	1	6	6	6	4	3
306363	6.48	6.43	6.15	260	208	95	42	19	13	12	14	18	15	17	6	12	7	6	5	1	2	3	4	0	13	5	7	2	2	5	4
306371	5.60	5.54	5.42	265	206	93	29	18	18	13	22	13	18	10	9	14	4	12	6	4	3	2	3	2	8	5	4	7	6	5	3
306380	5.93	5.81	5.78	139	103	50	18	12	16	13	7	7	8	5	3	3	1	4	3	2	1	3	5	0	3	0	3	3	2	4	3
306398	7.46	7.45	7.36	489	363	176	59	52	46	36	26	30	19	13	7	20	11	18	8	9	7	9	8	5	12	7	9	9	5	7	12
306401	11.48	11.29	10.07	9	7	2	0	1	1	0	1	2	0	0	0	1	0	0	0	0	0	0	0	0	0	0	0	1	0	0	0
306410	10.41	10.70	11.70	9	7	3	1	1	1	1	1	0	0	1	0	0	0	0	0	0	0	0	0	2	0	0	0	1	0	0	0
306428	9.28	8.71	8.71	5	4	4	0	0	1	0	0	0	1	0	0	0	0	2	0	0	0	0	0	0	0	0	0	0	0	0	0
306436	9.23	8.44	8.39	22	15	6	1	7	3	3	0	1	0	0	0	0	0	0	0	0	1	0	0	2	0	0	0	0	2	0	1
306444	9.34	9.34	9.64	13	13	8	0	1	1	0	0	1	0	0	0	0	0	0	0	0	0	0	1	5	0	1	0	0	1	0	1
306452	7.50	7.34	6.80	120	99	52	26	4	10	12	5	6	6	13	0	6	1	0	1	1	1	8	2	2	6	3	2	1	0	0	0
306461	6.85	6.70	6.76	193	156	65	10	22	11	13	8	3	14	11	13	7	11	7	6	5	2	4	3	5	1	2	0	3	6	4	1
306479	5.90	5.98	5.46	559	427	206	63	37	58	30	31	32	33	22	15	14	13	26	16	13	8	6	9	4	12	11	7	14	2	10	8
306487	6.60	6.54	6.08	510	390	178	47	49	47	29	29	24	18	19	13	16	8	25	18	17	18	13	6	2	6	7	9	8	10	12	9
306495	7.80	7.62	8.06	50	40	20	4	5	5	4	3	2	2	0	3	2	1	3	2	0	0	1	1	1	2	1	0	1	1	0	0
306509	8.10	7.80	7.62	89	69	34	9	6	10	4	2	1	4	2	2	3	3	3	4	0	1	4	1	7	4	3	3	0	0	0	1
306517	8.48	8.37	6.69	10	9	5	0	0	0	1	0	0	3	0	2	1	0	0	0	0	0	0	0	1	0	0	0	0	0	1	0
306525	6.17	6.11	5.95	19	14	6	4	1	0	1	1	1	1	0	1	2	0	1	1	2	0	0	0	0	0	1	0	0	0	0	0
306541	8.08	7.32	9.07	21	14	3	2	4	0	3	1	3	1	2	0	0	0	0	0	1	0	0	0	0	0	0	1	0	1	0	0
306550	10.07	0	0	1	0	0	0	1	0	0	0	0	0	0	0	0	0	0	0	0	0	0	0	0	0	0	0	0	0	0	0
306568	5.33	5.40	6.23	127	101	33	10	12	7	7	8	8	4	7	6	1	3	4	5	3	7	0	4	1	0	5	2	1	2	1	4
306584	7.54	7.90	8.46	47	37	16	7	4	2	2	2	1	2	3	4	0	3	0	1	3	0	0	1	3	1	1	0	0	2	1	0
306827	9.31	9.19	9.22	48	40	17	2	5	0	3	3	4	5	1	0	3	2	3	3	1	1	1	0	1	2	0	1	0	0	1	1
306835	6.81	6.70	7.61	62	47	20	4	3	7	5	4	4	2	5	2	4	1	3	0	0	1	1	1	4	2	0	3	0	0	1	0
306843	9.22	9.13	9.08	275	217	94	28	20	18	8	21	24	14	15	5	13	7	14	7	3	6	5	8	2	3	3	7	7	6	0	3
306908	7.87	7.81	8.14	305	249	123	47	24	26	20	20	19	14	21	6	16	4	7	9	0	2	5	16	1	6	8	2	2	1	2	2
306916	7.75	7.89	6.99	20	15	3	0	1	2	2	2	3	0	0	1	1	1	0	3	0	0	0	0	0	0	1	0	1	0	0	0
306924	9.43	9.36	8.92	26	22	12	3	0	3	0	1	1	0	2	1	2	0	2	1	0	0	2	0	1	0	1	0	0	0	2	0
315761	8.29	8.10	7.73	49	40	13	6	2	4	1	4	2	3	5	0	0	2	1	5	1	1	0	1	0	0	0	1	2	3	1	1
315770	7.33	7.29	7.49	21	17	8	1	2	4	1	1	2	1	1	0	1	0	2	1	2	0	0	0	0	0	0	0	0	1	0	0
315788	6.94	7.04	7.65	17	13	6	0	2	0	0	0	1	2	1	2	2	0	0	1	1	0	0	0	4	0	0	0	0	0	0	1
315796	7.69	7.75	7.68	27	19	6	6	3	1	1	2	3	0	0	2	0	0	0	1	0	0	0	0	0	0	0	1	0	2	0	0
315800	8.84	8.90	11.62	8	6	2	0	1	1	2	1	0	0	0	0	0	1	0	0	0	0	0	0	0	0	0	0	0	0	0	0
315818	4.66	4.66	0	4	4	0	0	0	0	0	0	0	0	0	0	0	0	0	1	0	1	0	0	2	0	0	0	0	0	0	0
315826	8.65	6.56	7.31	17	7	4	6	0	2	2	0	1	0	0	0	0	0	0	0	1	3	0	0	0	1	0	0	0	0	0	0
315834	9.50	8.17	0	2	1	0	0	0	0	0	0	1	1	0	0	0	0	0	0	0	0	0	0	0	0	0	0	0	0	0	0
315842	15.62	15.62	15.62	1	1	1	1	0	0	0	0	0	0	0	0	0	0	0	0	0	0	0	0	0	0	0	0	0	0	0	0
315851	8.53	0	0	1	0	0	1	0	0	0	0	0	0	0	0	0	0	0	0	0	0	0	0	0	0	0	0	0	0	0	0
315869	10.15	9.94	9.58	29	20	9	5	3	1	1	1	3	1	1	1	2	0	2	1	1	0	0	0	0	1	0	0	1	0	0	0
315877	7.03	6.92	6.63	215	164	60	21	17	10	18	8	12	18	3	20	5	9	5	5	4	4	2	4	1	4	15	3	1	4	2	3
315885	8.38	8.42	7.38	40	33	9	5	4	3	2	5	3	1	6	1	1	2	0	2	0	1	0	1	0	1	0	0	0	0	0	0
315893	7.75	7.60	7.78	121	96	50	15	8	10	9	2	4	3	2	6	7	4	4	7	2	2	1	6	4	7	1	2	1	5	2	1
315907	7.69	8.35	7.79	11	8	4	2	1	1	0	0	0	0	1	0	0	1	0	0	0	0	1	0	0	0	0	0	1	0	0	1
315915	7.29	7.29	8.58	5	5	3	0	0	1	0	0	0	1	0	0	0	0	0	0	0	0	0	0	0	0	1	0	0	1	0	0
315923	6.69	6.72	7.49	35	30	11	1	4	1	1	4	0	2	4	1	6	1	1	0	0	0	1	1	0	0	1	0	2	1	0	0
315931	6.62	6.59	6.96	95	73	27	10	7	8	9	2	11	4	12	2	3	5	0	0	0	1	2	2	2	4	0	3	0	2	0	0
315958	6.03	5.87	5.55	395	303	115	39	47	50	34	20	39	13	39	8	13	8	7	3	7	2	11	6	5	4	2	7	4	5	1	6
315966	6.91	7.05	6.57	170	127	42	12	26	11	15	4	4	10	5	15	4	5	2	7	7	2	3	5	9	0	3	1	0	4	1	0
315974	7.95	7.99	8.20	80	60	20	6	6	3	4	4	6	3	6	1	4	1	1	2	1	3	1	1	1	3	1	1	1	3	2	3
315982	9.22	9.49	9.58	35	29	14	5	1	0	1	2	0	3	3	3	2	0	2	0	2	1	1	0	2	0	2	0	0	2	0	1
316008	9.74	9.49	11.49	11	9	2	1	1	1	0	2	0	0	0	1	0	1	1	1	0	0	1	0	0	0	0	1	0	0	0	0
316016	8.72	9.00	8.80	26	21	9	2	0	2	3	4	2	0	2	0	0	1	1	0	2	1	0	1	1	0	0	0	0	0	1	2
316024	9.20	9.30	8.95	42	35	14	2	4	4	0	2	3	1	1	2	3	4	1	0	3	2	1	0	2	0	0	1	1	0	0	0
316032	8.23	8.16	7.79	12	6	2	0	0	1	1	0	1	0	0	2	0	0	1	0	1	0	0	0	1	0	0	0	2	0	0	2
316041	8.44	8.73	8.42	65	45	21	5	8	5	6	2	3	0	2	1	1	4	3	1	2	0	2	4	1	2	4	1	0	1	1	0
316059	8.60	8.70	8.85	39	32	18	5	8	4	2	2	0	3	0	1	2	0	2	0	0	1	2	0	0	0	0	0	0	0	1	0
316067	10.35	10.16	10.07	164	126	53	11	15	17	13	9	8	6	11	5	9	3	6	5	4	3	2	7	0	3	3	1	1	1	2	1
316075	10.97	10.99	10.68	46	39	18	7	1	5	3	1	4	2	4	2	1	0	4	2	0	0	1	1	0	0	0	0	0	0	0	2
316083	11.05	10.72	10.75	77	61	29	6	6	8	3	7	5	1	3	0	5	4	2	0	1	3	3	3	0	2	1	1	1	1	0	0
316091	8.45	8.51	7.43	30	23	14	3	2	4	2	1	3	1	2	1	0	0	1	0	0	1	0	1	0	0	0	0	2	0	0	1
316105	10.27	9.58	11.23	30	25	10	4	3	1	1	1	0	3	0	0	2	0	0	0	0	1	1	2	2	1	0	0	1	1	0	0
316113	9.13	9.10	8.55	24	20	8	4	6	1	1	2	0	0	0	1	1	1	0	2	0	0	0	0	2	0	0	0	0	0	0	0
316121	4.55	4.55	4.55	1	1	1	0	0	0	0	0	0	1	0	0	0	0	0	0	0	0	0	0	0	0	0	0	0	0	0	0
316130	7.56	8.37	0	8	6	0	0	0	0	1	0	1	0	0	0	0	0	0	0	0	0	1	0	4	0	0	0	0	0	0	0
316148	7.58	7.51	6.08	4	2	1	1	1	0	0	0	0	0	0	0	0	0	0	0	0	0	0	0	2	0	0	0	0	0	0	0
316156	9.85	9.70	8.62	12	11	2	1	3	0	1	0	0	0	0	0	1	0	0	2	0	0	0	0	1	0	0	0	0	2	0	0
316164	10.03	9.97	10.10	120	94	45	11	7	7	9	2	7	7	4	2	6	1	3	2	3	9	3	3	6	2	1	2	2	3	1	0
316172	7.50	7.50	7.50	1	1	1	0	0	0	1	0	0	0	0	0	0	0	0	0	0	0	0	0	0	0	0	0	0	0	0	0
316202	10.09	10.27	11.82	4	3	1	0	0	0	0	0	0	0	1	1	0	0	0	0	0	0	0	1	1	0	0	0	0	0	0	0
316211	12.87	12.87	13.88	2	2	1	1	0	0	0	0	1	0	0	0	0	0	0	0	0	0	0	0	0	0	0	0	0	0	0	0
316245	12.88	12.88	11.15	2	2	1	1	0	0	0	0	0	0	0	0	0	0	0	0	0	0	0	0	0	0	0	0	0	0	0	0
316261	10.17	10.17	0	1	1	0	0	0	0	0	0	0	0	0	1	0	0	0	0	0	0	0	0	0	0	0	0	0	0	0	0
316288	12.58	12.67	12.70	17	14	7	1	3	0	2	2	1	1	0	0	2	0	0	1	0	0	0	1	1	0	0	1	0	0	0	0
316296	11.44	11.45	9.78	10	9	3	0	4	0	2	0	0	1	0	0	0	1	1	0	0	0	0	0	0	0	0	1	0	0	0	0
316300	12.38	12.38	12.77	10	10	3	2	0	1	0	1	0	0	0	1	0	0	0	1	0	1	0	0	3	0	0	0	0	0	0	0
316318	12.18	12.37	14.10	18	12	7	0	2	1	1	0	1	0	0	0	1	0	1	0	1	0	0	2	2	0	0	1	2	0	1	0
316326	6.88	6.93	7.64	30	25	6	3	1	2	1	3	1	3	0	4	0	0	1	0	1	0	2	0	2	0	0	1	0	2	0	1
316334	8.10	8.29	7.98	18	13	4	2	0	1	1	4	0	1	0	2	0	0	1	0	0	1	0	0	0	0	1	0	0	0	1	0
316342	9.13	9.07	9.50	24	15	8	5	1	5	3	0	2	0	1	2	2	1	0	0	0	0	1	1	0	0	0	0	0	0	0	0
316369	7.76	4.07	4.07	2	1	1	0	1	0	0	0	0	1	0	0	0	0	0	0	0	0	0	0	0	0	0	0	0	0	0	0
316377	8.17	8.17	0	1	1	0	0	0	0	0	0	0	0	0	0	0	0	0	1	0	0	0	0	0	0	0	0	0	0	0	0
316385	6.80	7.09	6.37	27	20	6	1	4	2	2	2	1	0	1	4	3	0	0	0	1	1	0	0	1	0	0	0	1	0	0	1
316407	10.77	10.77	10.43	3	3	1	0	1	0	0	0	0	0	0	0	0	0	0	0	0	0	1	0	0	0	0	0	0	0	0	0
316415	11.60	12.13	0	4	2	0	0	0	0	1	1	0	0	0	0	0	0	0	0	1	0	0	0	0	0	0	0	0	1	0	0
316431	10.66	8.40	8.40	2	1	1	0	1	0	0	0	0	0	0	0	0	0	0	0	0	0	0	0	0	0	0	0	0	0	0	0
316440	7.31	7.26	7.46	247	193	92	27	15	19	11	8	17	14	8	8	6	7	11	9	4	7	5	7	1	8	7	3	8	1	6	6
316458	7.31	7.64	5.58	11	6	1	0	2	0	1	1	0	0	0	0	0	0	0	0	0	1	0	0	3	0	0	0	0	0	0	0
316474	8.81	8.90	8.90	68	46	28	7	6	6	4	1	4	4	0	1	2	1	4	0	1	0	1	4	2	3	2	0	3	1	1	3
316482	9.12	9.30	8.96	94	74	31	13	13	13	4	3	4	5	4	2	2	2	1	2	1	1	3	2	1	2	1	1	2	2	2	1
316491	9.49	9.37	9.12	119	96	44	11	14	12	8	4	4	5	5	4	4	5	3	2	4	2	2	0	0	1	2	5	5	1	3	3
316504	9.20	9.08	9.16	209	159	71	33	13	27	14	6	12	12	12	5	3	7	5	2	6	7	2	2	2	4	3	2	7	4	1	2
316512	9.57	9.47	9.23	60	49	24	6	7	5	4	5	5	3	0	3	2	2	2	1	2	1	0	2	1	0	1	0	0	0	2	0
316521	9.81	9.84	9.76	67	53	26	10	10	4	5	2	4	4	2	2	3	2	3	0	2	2	1	2	0	0	0	0	2	0	2	1
316539	10.11	10.11	8.52	6	6	1	0	0	0	0	2	0	0	1	1	0	1	1	0	0	0	0	0	0	0	0	0	0	0	0	0
316547	7.17	6.75	8.83	8	5	3	0	0	0	3	0	0	0	0	0	1	0	0	2	0	0	0	0	1	0	0	0	0	0	0	1
316555	9.03	9.03	9.03	1	1	1	0	0	0	0	0	0	0	0	0	1	0	0	0	0	0	0	0	0	0	0	0	0	0	0	0
316563	9.66	10.19	10.17	13	8	4	0	4	1	3	0	0	0	1	0	1	0	1	0	1	0	0	0	0	0	0	0	0	0	0	0
316571	8.23	8.24	9.13	25	21	10	2	5	1	1	2	1	1	1	1	1	0	1	1	1	0	2	0	2	0	0	0	1	0	0	0
316580	2.27	3.36	6.62	3	2	1	0	0	0	1	0	0	0	0	0	0	0	0	0	0	0	0	0	1	0	0	0	0	0	0	1
316598	8.70	7.96	8.64	11	9	4	0	4	2	0	1	0	0	0	1	1	0	1	0	0	0	0	1	0	0	0	0	0	0	0	0
316601	9.71	9.81	9.44	56	46	22	4	4	7	3	0	2	4	3	1	0	0	5	6	1	1	0	0	1	0	0	0	6	1	4	0
316610	9.52	9.95	10.95	16	13	5	2	0	1	0	2	2	1	2	0	1	0	0	0	0	0	0	0	1	2	0	0	0	0	0	0
316628	10.00	9.90	10.34	35	30	9	4	2	2	6	1	2	2	1	1	1	1	1	1	1	1	3	0	1	0	0	0	0	1	0	0
316636	11.30	11.54	11.32	13	12	5	2	1	1	0	0	0	4	0	0	0	1	0	0	0	0	0	0	0	0	0	0	0	1	1	0
316644	9.73	0	0	1	0	0	0	1	0	0	0	0	0	0	0	0	0	0	0	0	0	0	0	0	0	0	0	0	0	0	0
316652	11.79	11.17	11.76	8	4	2	2	1	0	2	0	0	1	0	1	0	0	0	0	0	0	0	1	0	0	0	0	0	0	0	0
316661	14.54	16.42	16.42	3	1	1	0	0	0	0	0	0	0	0	0	0	0	1	0	0	0	0	0	2	0	0	0	0	0	0	0
316679	12.08	12.08	12.08	1	1	1	0	0	0	0	0	0	1	0	0	0	0	0	0	0	0	0	0	0	0	0	0	0	0	0	0
316695	11.77	11.70	11.31	18	15	8	4	2	1	2	1	1	0	0	2	0	0	0	0	0	0	1	0	0	0	0	0	1	0	0	0
316709	10.81	10.38	10.19	15	10	4	0	2	2	5	0	0	0	0	1	0	0	1	0	0	0	0	0	0	0	0	0	0	1	0	0
316717	12.41	12.05	13.25	15	13	6	0	1	3	1	2	0	2	1	0	1	0	1	2	0	1	0	0	0	0	0	0	0	0	0	0
316733	10.00	10.08	10.44	23	18	9	2	1	1	2	2	0	2	0	0	3	0	0	0	0	0	0	0	7	0	0	0	0	0	0	0
316750	10.11	10.53	14.12	5	4	1	0	0	0	0	0	0	0	0	0	0	0	0	0	0	0	0	0	5	0	0	0	0	0	0	0
316768	9.28	9.28	8.52	6	6	3	0	1	2	0	0	0	0	0	0	1	1	0	0	0	0	1	0	0	0	0	0	0	0	0	0
316776	9.69	10.36	11.53	8	6	2	0	3	0	0	0	1	1	0	0	0	0	1	0	0	0	0	0	1	0	0	0	0	0	0	1
316784	10.03	9.80	9.13	10	9	6	1	1	0	0	1	0	1	0	0	1	0	0	1	0	0	0	2	0	0	0	0	0	0	1	0
316792	11.93	11.93	14.51	6	6	2	0	1	2	1	0	0	0	2	0	0	0	0	0	0	0	0	0	0	0	0	0	0	0	0	0
316806	9.10	9.11	9.22	5	4	3	1	1	1	0	0	0	0	0	1	0	0	0	0	0	0	0	1	0	0	0	0	0	0	0	0
316814	10.11	9.73	9.88	58	44	19	6	5	3	1	4	2	1	2	2	3	1	1	4	0	2	1	1	7	1	1	2	1	0	0	1
316822	10.83	10.64	10.99	30	26	9	3	6	0	1	1	1	0	1	1	1	2	1	1	1	1	1	2	4	0	0	0	1	0	1	0
316831	8.16	8.20	8.53	241	186	91	31	18	24	17	17	8	10	16	11	12	3	14	5	6	1	4	4	2	6	4	6	2	1	2	6
316849	7.82	7.68	7.17	98	81	30	11	14	8	5	8	11	5	1	3	1	3	3	5	0	4	0	1	1	1	0	1	4	1	2	1
316857	7.99	8.04	7.55	205	157	69	23	13	24	14	12	9	8	11	4	3	4	6	5	2	4	2	4	3	2	4	6	7	1	2	4
316873	13.36	13.36	0	2	2	0	0	0	0	0	0	1	0	0	0	0	0	0	0	0	0	0	0	0	0	0	0	0	1	0	0
316890	8.63	9.26	9.93	19	11	5	2	3	1	2	0	0	0	0	3	0	2	0	1	0	3	0	0	1	0	0	0	0	0	0	0
316903	10.38	10.91	9.92	37	29	12	3	6	0	3	1	1	2	0	4	3	2	0	0	1	1	0	0	2	0	0	0	0	1	0	1
316911	9.28	9.37	9.17	39	27	17	5	5	5	3	1	1	1	2	0	1	0	2	0	1	2	0	1	2	0	0	3	0	1	0	2
316920	9.39	9.30	8.13	14	12	4	1	1	1	1	1	0	0	2	1	2	1	0	0	0	0	0	0	2	0	0	0	0	0	0	0
316938	9.94	9.93	10.18	69	54	21	4	10	6	7	2	2	3	2	2	3	0	2	1	3	2	0	2	4	0	0	0	1	3	1	1
316946	13.04	13.04	13.39	3	3	2	1	0	0	1	0	0	0	0	0	0	0	0	0	0	0	0	0	0	0	0	0	0	0	0	0
316954	10.81	11.01	10.39	10	9	6	0	0	0	0	1	0	0	2	0	1	0	1	0	0	0	0	0	4	0	0	0	0	0	0	1
316962	9.25	9.25	7.25	10	10	2	1	3	0	1	1	0	0	2	0	0	0	1	0	0	0	0	0	0	0	0	0	0	0	0	0
316971	7.22	6.92	7.39	8	6	2	1	1	1	1	0	1	0	0	0	0	0	0	0	1	0	0	0	0	0	0	0	0	0	0	0
316989	8.25	8.35	8.07	46	42	13	3	4	3	2	4	3	2	1	3	3	1	0	1	0	2	0	3	2	0	0	0	0	0	0	0
316997	8.18	8.10	7.70	48	41	19	7	7	6	1	0	5	2	2	2	2	1	2	2	1	1	1	0	1	0	0	2	0	1	1	0
317004	6.95	7.03	6.50	10	7	2	0	2	0	0	0	1	1	0	0	0	1	0	1	1	1	0	1	1	0	0	0	0	0	0	0
317012	7.86	7.66	7.21	16	13	5	1	2	1	3	0	1	1	2	0	2	1	0	0	0	0	0	0	0	0	0	0	0	0	0	1
317021	7.74	7.80	7.85	177	138	64	21	12	19	6	5	13	9	8	7	2	3	1	1	2	5	3	11	3	2	16	2	4	2	1	4
317039	9.62	9.64	9.04	8	6	4	3	0	0	2	0	0	1	0	0	0	0	1	0	0	0	1	0	0	0	0	0	0	0	0	0
317047	10.15	10.15	6.67	3	3	1	0	1	0	1	0	0	0	0	0	0	0	0	0	0	0	0	0	1	0	0	0	0	0	0	0
317055	9.80	8.78	8.94	6	5	3	2	1	0	0	0	0	1	0	0	0	0	0	0	0	0	0	0	0	1	0	0	0	1	0	0
317063	9.13	8.97	8.38	48	40	18	3	6	5	1	4	4	4	1	1	1	0	0	1	1	1	0	2	0	1	0	1	2	1	2	0
317071	8.80	8.57	7.23	10	8	4	0	3	0	0	0	0	1	0	1	0	0	0	1	0	0	0	0	4	0	0	0	0	0	0	0
317080	9.51	10.48	0	3	2	0	0	1	0	0	0	0	0	0	0	0	0	0	0	0	0	0	0	0	0	0	0	0	1	0	0
317098	6.78	7.27	5.67	5	3	1	0	0	0	0	0	0	0	0	0	0	0	0	0	1	0	0	0	3	0	0	0	1	0	0	0
317101	9.69	9.84	8.80	12	9	5	0	0	2	2	1	0	0	0	1	2	1	0	0	0	0	1	1	0	0	0	0	1	0	0	0
317110	6.93	6.99	7.36	51	42	23	5	4	3	2	3	0	2	3	3	3	1	4	0	1	1	0	0	4	0	1	3	1	1	1	1
317128	5.92	5.27	4.84	14	9	4	0	1	1	1	0	2	2	0	0	0	1	0	0	0	0	0	0	3	2	0	0	0	0	0	0
317136	7.26	7.35	7.54	175	135	56	18	9	9	15	9	6	12	11	1	9	6	12	8	9	5	2	7	0	2	0	2	3	2	3	0
317152	8.41	9.00	8.61	6	4	2	1	0	0	0	0	0	0	0	1	0	0	2	0	0	0	0	0	1	0	1	0	0	0	0	0
317161	9.30	9.70	8.42	8	6	3	0	0	0	1	0	0	0	0	0	0	0	1	0	0	0	0	0	3	0	1	0	0	0	0	0
317187	6.97	7.16	6.56	40	31	13	4	5	6	1	3	1	1	0	3	0	2	2	1	0	2	0	1	0	0	0	1	1	1	3	0
317195	6.52	6.57	6.58	101	76	27	3	9	10	10	3	4	5	2	6	3	2	3	6	6	1	1	2	4	0	0	0	1	4	2	2
317209	5.67	5.83	5.88	51	43	14	4	3	2	3	2	5	2	1	2	2	5	1	1	3	2	3	1	2	0	0	1	1	1	0	0
317217	8.65	8.90	7.82	9	7	3	3	1	0	1	0	0	0	1	0	0	0	0	0	0	0	0	0	1	0	0	0	0	0	1	0
317225	9.88	9.95	9.28	158	125	58	19	18	17	14	7	10	9	6	4	4	3	8	2	1	2	1	1	0	3	1	1	1	4	4	5
317233	10.63	0	0	2	0	0	1	0	0	0	0	0	0	0	0	0	0	0	0	0	0	0	0	1	0	0	0	0	0	0	0
317241	12.01	11.81	12.02	17	16	5	1	1	0	3	0	1	1	2	1	1	0	0	0	0	0	0	0	4	0	1	0	0	0	0	0
317250	13.77	13.95	13.41	11	7	3	3	1	0	1	0	0	1	2	0	0	2	0	0	0	0	0	1	0	0	0	0	0	0	0	0
317268	9.40	7.61	8.00	3	2	1	0	0	0	0	1	0	0	0	0	1	0	0	0	0	0	0	0	0	1	0	0	0	0	0	0
317276	13.74	13.75	12.77	48	40	15	5	7	4	6	1	2	5	3	1	2	0	0	1	0	0	3	0	2	1	1	0	1	0	0	0
317284	13.92	13.56	13.36	23	13	7	3	3	2	2	2	0	2	1	0	0	1	0	0	0	0	0	0	0	1	1	0	1	0	0	0
317292	11.33	11.42	11.35	10	9	5	2	1	2	0	1	1	1	0	0	0	0	1	0	0	0	0	0	1	0	0	0	0	0	0	0
317306	10.22	10.50	9.72	46	35	16	10	3	3	2	7	2	1	0	1	2	0	0	1	0	1	0	0	7	1	0	0	2	0	1	0
317314	12.31	12.53	12.03	34	27	10	3	2	3	1	3	2	2	1	1	1	0	1	0	0	2	0	0	0	3	1	0	0	1	1	1
317322	13.76	13.89	12.83	16	11	7	1	3	3	2	0	1	1	0	1	1	0	1	0	0	0	0	0	0	0	0	0	1	0	0	0
317331	13.42	13.48	12.79	75	63	33	11	5	6	1	4	3	3	3	3	3	5	2	1	0	2	2	3	0	5	4	2	1	0	0	0
317349	11.82	11.82	11.82	2	2	2	1	0	0	0	0	0	0	0	0	1	0	0	0	0	0	0	0	0	0	0	0	0	0	0	0
317357	10.46	10.53	10.13	28	26	7	2	1	1	1	3	5	1	1	1	0	1	0	1	0	1	0	0	4	1	0	0	0	1	0	0
317365	12.33	11.29	10.19	19	14	7	1	2	1	2	1	0	1	1	0	1	2	1	0	1	1	0	0	3	0	1	0	0	0	0	0
317373	11.26	11.12	11.16	17	14	9	4	2	1	0	2	0	1	1	0	1	1	0	0	1	0	0	0	0	0	0	1	0	0	0	2
317381	10.96	11.36	10.34	12	9	3	1	2	0	2	0	2	0	1	0	1	0	1	0	1	0	0	0	1	0	0	0	0	0	0	0
317390	9.57	9.90	10.66	9	8	5	2	0	2	0	1	1	0	1	0	1	0	0	0	1	0	0	0	0	0	0	0	0	0	0	0
317403	8.79	8.62	7.87	36	29	13	2	5	4	1	1	2	5	1	0	1	1	1	0	0	0	0	0	4	0	0	0	0	0	2	0
317411	10.48	10.20	10.30	10	9	5	1	1	1	1	0	1	0	0	0	2	0	0	0	0	0	0	0	2	0	0	0	0	1	0	0
317420	9.81	9.35	9.99	8	7	5	0	0	1	0	0	0	3	0	0	0	0	0	0	0	0	1	0	2	0	0	0	0	0	0	1
317438	10.37	10.37	7.37	2	2	1	0	0	0	0	0	0	1	0	0	0	0	0	1	0	0	0	0	0	0	0	0	0	0	0	0
317446	8.06	8.47	7.35	20	17	7	3	6	1	0	1	0	0	0	0	0	0	1	2	1	1	1	0	0	1	0	0	0	0	0	0
317454	8.91	8.67	9.14	53	39	16	5	8	4	3	2	3	1	0	2	1	2	1	1	1	3	0	2	1	3	2	0	0	0	0	1
317462	8.44	8.35	8.13	17	14	6	3	1	0	1	2	1	0	1	0	2	0	1	0	0	0	0	0	0	0	0	1	1	0	0	0
317471	9.21	9.23	9.37	179	142	61	15	18	18	7	16	9	9	1	7	10	5	5	11	4	7	1	2	0	3	3	1	2	2	2	1
317489	8.49	8.40	8.14	48	43	22	6	7	3	3	1	1	4	2	2	2	0	3	0	1	1	1	0	1	2	0	1	0	0	1	0
317497	8.12	8.05	8.93	23	18	6	3	2	3	0	4	2	0	0	0	0	1	0	0	0	0	0	0	1	1	0	2	0	1	0	0
317501	10.47	11.08	7.21	6	5	2	0	0	0	1	0	0	0	1	0	0	0	0	0	0	0	0	0	1	0	0	1	0	0	0	0
317519	8.60	8.63	9.06	10	6	3	1	1	0	0	0	0	2	0	0	0	0	0	0	0	0	1	0	3	0	0	0	0	0	1	0
317527	10.26	10.26	9.91	49	41	21	10	0	6	3	5	4	2	2	1	0	0	0	3	0	1	0	2	3	2	1	0	0	0	0	0
317535	12.21	12.47	11.32	12	10	7	4	0	2	0	0	1	0	0	0	0	0	0	0	0	0	0	0	1	1	0	0	0	0	0	0
317543	8.59	8.49	10.01	90	74	37	6	7	6	7	6	6	7	3	1	3	6	4	4	1	1	0	0	0	1	1	1	2	0	2	1
317551	14.81	14.93	14.93	3	2	2	1	0	0	1	0	0	0	0	0	0	0	0	0	0	0	0	0	0	1	0	0	0	0	0	0
317560	7.38	7.38	7.38	2	2	2	0	0	1	0	0	0	0	0	0	0	0	0	0	0	0	0	0	1	0	0	0	0	0	0	0
317578	13.93	13.93	7.04	3	3	2	0	0	1	0	0	0	0	1	0	0	0	1	0	0	0	0	0	0	0	0	0	0	0	0	0
317586	10.68	12.06	0	4	2	0	0	0	0	0	0	0	0	0	0	0	0	0	0	0	0	1	0	1	0	0	0	1	0	1	0
317594	8.86	8.30	8.93	13	11	4	0	0	2	1	1	1	0	0	1	1	1	1	0	0	0	0	0	3	0	0	0	0	0	0	0
317616	10.43	11.22	13.07	6	5	2	0	1	0	1	0	1	0	1	0	1	0	1	0	0	0	0	0	0	0	0	0	0	0	0	0
317624	18.90	18.90	0	1	1	0	0	0	0	0	1	0	0	0	0	0	0	0	0	0	0	0	0	0	0	0	0	0	0	0	0
317632	8.73	8.52	8.32	11	9	5	1	2	3	0	1	0	0	0	0	1	0	0	0	0	1	0	0	0	0	0	0	0	1	0	0
317641	7.77	7.59	6.57	30	22	13	4	1	5	2	0	2	0	2	0	3	0	0	0	0	1	1	0	2	0	0	0	2	0	0	1
317659	7.93	8.58	8.19	6	4	2	2	0	0	0	1	0	1	0	0	0	0	0	0	1	0	0	0	0	0	0	0	0	0	0	0
317667	9.34	9.58	12.35	26	22	6	1	2	3	3	3	1	0	0	1	1	1	0	1	2	0	0	0	1	0	0	0	0	1	3	1
318205	6.73	6.53	4.59	18	15	4	1	4	0	3	0	2	1	0	2	2	0	0	1	1	1	0	0	0	0	0	0	0	0	0	0
318213	7.52	7.51	0	3	2	0	1	0	0	0	0	1	0	0	0	0	0	0	0	0	0	0	0	0	0	0	0	0	1	0	0
318221	7.79	7.92	7.24	28	23	10	2	3	2	1	1	0	3	0	1	2	0	1	1	0	0	1	0	0	2	1	0	1	2	0	0
318230	12.16	0	0	2	0	0	0	0	0	0	0	0	0	0	0	0	0	0	0	0	0	0	0	1	0	0	0	0	0	0	0
318256	6.22	5.71	6.38	6	5	3	0	0	0	0	0	0	2	0	1	0	0	0	0	0	0	0	0	1	0	0	0	0	1	0	0
318264	5.68	5.35	6.21	16	14	2	0	3	0	3	1	0	1	0	4	0	1	0	2	0	0	0	0	0	0	0	0	0	0	0	0
318272	7.63	7.99	10.09	36	23	6	3	6	2	1	3	0	0	1	1	0	0	1	3	0	2	1	1	1	0	0	4	1	1	0	0
318281	8.98	8.50	7.45	7	4	3	1	1	0	1	0	1	0	0	0	0	0	1	0	0	0	0	0	1	0	0	1	0	0	0	0
318299	8.98	8.75	9.04	9	8	4	2	5	1	0	0	0	0	0	0	0	0	1	0	0	0	0	0	0	0	0	0	0	0	0	0
318311	10.12	10.12	0	1	1	0	0	1	0	0	0	0	0	0	0	0	0	0	0	0	0	0	0	0	0	0	0	0	0	0	0
318329	9.08	10.02	13.12	3	2	1	0	0	0	0	0	0	0	0	0	1	0	0	0	0	0	0	0	2	0	0	0	0	0	0	0
318337	8.53	8.70	10.60	10	8	3	0	1	1	2	0	0	0	0	0	0	1	1	0	0	0	0	0	2	0	0	0	0	0	1	0
318353	7.31	7.25	8.16	50	40	19	2	7	2	2	3	2	2	2	4	5	1	2	0	0	0	1	1	2	0	1	0	2	0	0	0
318361	12.07	12.05	12.05	3	2	2	0	0	0	0	0	0	1	0	0	0	0	0	0	0	0	0	0	2	0	0	0	0	0	0	0
318370	14.30	14.30	0	1	1	0	0	0	0	0	0	0	0	0	0	0	0	0	0	0	0	0	0	1	0	0	0	0	0	0	0
318396	9.04	9.04	6.53	5	5	1	1	1	0	0	0	0	0	1	0	0	0	0	0	0	1	0	0	0	0	0	0	0	0	0	0
318469	11.55	11.55	0	1	1	0	0	1	0	0	0	0	0	0	0	0	0	0	0	0	0	0	0	0	0	0	0	0	0	0	0
318485	16.20	16.20	0	1	1	0	0	0	0	0	0	0	0	0	1	0	0	0	0	0	0	0	0	0	0	0	0	0	0	0	0
320501	7.89	7.95	8.58	7	6	1	0	0	0	2	0	1	1	1	0	0	0	0	0	0	0	0	0	1	0	0	0	0	0	0	0
320528	5.81	5.98	6.14	29	22	8	0	0	2	3	4	4	2	1	0	2	0	2	0	0	0	0	2	0	0	0	1	0	0	0	2
320536	5.25	5.36	6.66	9	8	2	0	0	1	0	1	1	1	1	0	0	2	1	0	1	0	0	0	0	0	0	0	0	0	0	0
320544	9.86	7.13	0	2	1	0	0	1	0	0	0	1	0	0	0	0	0	0	0	0	0	0	0	0	0	0	0	0	0	0	0
320552	4.40	4.40	0	1	1	0	0	0	0	0	0	0	0	0	0	0	0	0	0	0	0	0	0	1	0	0	0	0	0	0	0
320561	7.85	7.97	7.23	16	13	6	3	2	2	0	0	0	0	0	0	0	2	0	0	1	0	0	0	0	0	0	0	1	1	1	0
320579	9.42	9.87	9.59	7	5	4	0	0	1	1	0	0	1	0	1	1	0	1	0	1	0	0	0	0	0	0	0	0	0	0	0
320587	9.61	9.61	11.97	13	13	5	0	0	2	0	2	1	0	0	1	1	1	1	1	0	0	0	0	1	0	0	0	0	0	0	0
320595	8.85	8.77	9.31	78	61	23	6	14	3	4	2	4	10	1	4	3	6	2	2	1	3	1	2	2	0	0	2	0	1	0	1
320609	9.66	9.66	9.87	2	2	1	1	0	0	0	0	0	0	0	0	0	0	0	0	0	0	0	0	0	0	0	0	0	0	0	0
320773	7.71	7.71	7.95	3	3	2	0	0	1	0	1	0	0	0	0	1	0	0	0	0	0	0	0	0	0	0	0	0	0	0	0
322326	9.97	9.28	8.35	6	4	1	0	0	0	0	1	0	0	0	0	0	1	0	0	0	0	0	0	0	0	0	1	0	0	0	1
324833	7.87	7.99	7.50	29	22	11	2	1	1	4	1	1	1	3	0	0	0	2	1	0	0	0	1	1	1	0	0	2	1	0	0
324841	6.44	6.38	6.80	24	20	5	2	10	1	2	1	1	2	0	2	0	0	0	0	0	0	1	2	0	0	0	0	0	0	0	0
324850	7.26	7.26	7.57	56	47	20	4	4	3	2	6	1	5	0	6	3	1	4	0	0	1	3	0	1	0	0	1	1	0	2	0
324868	10.00	10.14	10.45	160	124	47	23	15	12	8	13	7	12	5	5	7	3	1	5	1	3	3	2	0	2	5	2	1	3	5	4
324876	12.18	12.01	13.60	11	8	2	2	0	0	0	2	0	0	0	0	0	0	1	0	1	2	0	0	1	0	0	0	0	0	1	0
324884	11.42	11.15	10.59	28	24	12	3	5	1	2	1	1	1	1	1	3	2	0	1	0	0	0	1	1	0	0	0	1	1	0	1
324892	9.61	9.04	0	3	2	0	0	0	0	0	0	0	0	0	1	0	0	0	0	0	0	0	0	0	1	0	0	0	1	0	0
324906	9.93	9.76	9.77	28	25	8	0	7	1	1	0	3	0	0	3	1	0	0	1	0	0	1	1	3	0	0	0	1	1	0	0
	8.16	7.79	12.03	234	213	35	8	9	7	14	9	4	6	4	4	4	4	3	1	0	1	3	0	16	0	1	0	1	1	1	0
	NaN	NaN	0	1	1	0	0	0	0	0	0	0	0	0	0	0	0	0	0	0	0	0	0	0	0	0	0	0	0	0	0